countycode,_f_aip_00_count,_f_aip_00_vote,_f_aip_18_count,_f_aip_18_vote,_f_aip_30_count,_f_aip_30_vote,_f_aip_40_count,_f_aip_40_vote,_f_aip_50_count,_f_aip_50_vote,_f_aip_60_count,_f_aip_60_vote,_f_aip_70_count,_f_aip_70_vote,_f_aip_80_count,_f_aip_80_vote,_f_dem_00_count,_f_dem_00_vote,_f_dem_18_count,_f_dem_18_vote,_f_dem_30_count,_f_dem_30_vote,_f_dem_40_count,_f_dem_40_vote,_f_dem_50_count,_f_dem_50_vote,_f_dem_60_count,_f_dem_60_vote,_f_dem_70_count,_f_dem_70_vote,_f_dem_80_count,_f_dem_80_vote,_f_grn_00_count,_f_grn_00_vote,_f_grn_18_count,_f_grn_18_vote,_f_grn_30_count,_f_grn_30_vote,_f_grn_40_count,_f_grn_40_vote,_f_grn_50_count,_f_grn_50_vote,_f_grn_60_count,_f_grn_60_vote,_f_grn_70_count,_f_grn_70_vote,_f_grn_80_count,_f_grn_80_vote,_f_lib_00_count,_f_lib_00_vote,_f_lib_18_count,_f_lib_18_vote,_f_lib_30_count,_f_lib_30_vote,_f_lib_40_count,_f_lib_40_vote,_f_lib_50_count,_f_lib_50_vote,_f_lib_60_count,_f_lib_60_vote,_f_lib_70_count,_f_lib_70_vote,_f_lib_80_count,_f_lib_80_vote,_f_npb_00_count,_f_npb_00_vote,_f_npb_18_count,_f_npb_18_vote,_f_npb_30_count,_f_npb_30_vote,_f_npb_40_count,_f_npb_40_vote,_f_npb_50_count,_f_npb_50_vote,_f_npb_60_count,_f_npb_60_vote,_f_npb_70_count,_f_npb_70_vote,_f_npb_80_count,_f_npb_80_vote,_f_npp_00_count,_f_npp_00_vote,_f_npp_18_count,_f_npp_18_vote,_f_npp_30_count,_f_npp_30_vote,_f_npp_40_count,_f_npp_40_vote,_f_npp_50_count,_f_npp_50_vote,_f_npp_60_count,_f_npp_60_vote,_f_npp_70_count,_f_npp_70_vote,_f_npp_80_count,_f_npp_80_vote,_f_pfp_00_count,_f_pfp_00_vote,_f_pfp_18_count,_f_pfp_18_vote,_f_pfp_30_count,_f_pfp_30_vote,_f_pfp_40_count,_f_pfp_40_vote,_f_pfp_50_count,_f_pfp_50_vote,_f_pfp_60_count,_f_pfp_60_vote,_f_pfp_70_count,_f_pfp_70_vote,_f_pfp_80_count,_f_pfp_80_vote,_f_rep_00_count,_f_rep_00_vote,_f_rep_18_count,_f_rep_18_vote,_f_rep_30_count,_f_rep_30_vote,_f_rep_40_count,_f_rep_40_vote,_f_rep_50_count,_f_rep_50_vote,_f_rep_60_count,_f_rep_60_vote,_f_rep_70_count,_f_rep_70_vote,_f_rep_80_count,_f_rep_80_vote,_m_aip_00_count,_m_aip_00_vote,_m_aip_18_count,_m_aip_18_vote,_m_aip_30_count,_m_aip_30_vote,_m_aip_40_count,_m_aip_40_vote,_m_aip_50_count,_m_aip_50_vote,_m_aip_60_count,_m_aip_60_vote,_m_aip_70_count,_m_aip_70_vote,_m_aip_80_count,_m_aip_80_vote,_m_dem_00_count,_m_dem_00_vote,_m_dem_18_count,_m_dem_18_vote,_m_dem_30_count,_m_dem_30_vote,_m_dem_40_count,_m_dem_40_vote,_m_dem_50_count,_m_dem_50_vote,_m_dem_60_count,_m_dem_60_vote,_m_dem_70_count,_m_dem_70_vote,_m_dem_80_count,_m_dem_80_vote,_m_grn_00_count,_m_grn_00_vote,_m_grn_18_count,_m_grn_18_vote,_m_grn_30_count,_m_grn_30_vote,_m_grn_40_count,_m_grn_40_vote,_m_grn_50_count,_m_grn_50_vote,_m_grn_60_count,_m_grn_60_vote,_m_grn_70_count,_m_grn_70_vote,_m_grn_80_count,_m_grn_80_vote,_m_lib_00_count,_m_lib_00_vote,_m_lib_18_count,_m_lib_18_vote,_m_lib_30_count,_m_lib_30_vote,_m_lib_40_count,_m_lib_40_vote,_m_lib_50_count,_m_lib_50_vote,_m_lib_60_count,_m_lib_60_vote,_m_lib_70_count,_m_lib_70_vote,_m_lib_80_count,_m_lib_80_vote,_m_npb_00_count,_m_npb_00_vote,_m_npb_18_count,_m_npb_18_vote,_m_npb_30_count,_m_npb_30_vote,_m_npb_40_count,_m_npb_40_vote,_m_npb_50_count,_m_npb_50_vote,_m_npb_60_count,_m_npb_60_vote,_m_npb_70_count,_m_npb_70_vote,_m_npb_80_count,_m_npb_80_vote,_m_npp_00_count,_m_npp_00_vote,_m_npp_18_count,_m_npp_18_vote,_m_npp_30_count,_m_npp_30_vote,_m_npp_40_count,_m_npp_40_vote,_m_npp_50_count,_m_npp_50_vote,_m_npp_60_count,_m_npp_60_vote,_m_npp_70_count,_m_npp_70_vote,_m_npp_80_count,_m_npp_80_vote,_m_pfp_00_count,_m_pfp_00_vote,_m_pfp_18_count,_m_pfp_18_vote,_m_pfp_30_count,_m_pfp_30_vote,_m_pfp_40_count,_m_pfp_40_vote,_m_pfp_50_count,_m_pfp_50_vote,_m_pfp_60_count,_m_pfp_60_vote,_m_pfp_70_count,_m_pfp_70_vote,_m_pfp_80_count,_m_pfp_80_vote,_m_rep_00_count,_m_rep_00_vote,_m_rep_18_count,_m_rep_18_vote,_m_rep_30_count,_m_rep_30_vote,_m_rep_40_count,_m_rep_40_vote,_m_rep_50_count,_m_rep_50_vote,_m_rep_60_count,_m_rep_60_vote,_m_rep_70_count,_m_rep_70_vote,_m_rep_80_count,_m_rep_80_vote,_n_aip_00_count,_n_aip_00_vote,_n_aip_18_count,_n_aip_18_vote,_n_aip_30_count,_n_aip_30_vote,_n_aip_40_count,_n_aip_40_vote,_n_aip_50_count,_n_aip_50_vote,_n_aip_60_count,_n_aip_60_vote,_n_aip_70_count,_n_aip_70_vote,_n_aip_80_count,_n_aip_80_vote,_n_dem_00_count,_n_dem_00_vote,_n_dem_18_count,_n_dem_18_vote,_n_dem_30_count,_n_dem_30_vote,_n_dem_40_count,_n_dem_40_vote,_n_dem_50_count,_n_dem_50_vote,_n_dem_60_count,_n_dem_60_vote,_n_dem_70_count,_n_dem_70_vote,_n_dem_80_count,_n_dem_80_vote,_n_grn_00_count,_n_grn_00_vote,_n_grn_18_count,_n_grn_18_vote,_n_grn_30_count,_n_grn_30_vote,_n_grn_40_count,_n_grn_40_vote,_n_grn_50_count,_n_grn_50_vote,_n_grn_60_count,_n_grn_60_vote,_n_grn_70_count,_n_grn_70_vote,_n_grn_80_count,_n_grn_80_vote,_n_lib_00_count,_n_lib_00_vote,_n_lib_18_count,_n_lib_18_vote,_n_lib_30_count,_n_lib_30_vote,_n_lib_40_count,_n_lib_40_vote,_n_lib_50_count,_n_lib_50_vote,_n_lib_60_count,_n_lib_60_vote,_n_lib_70_count,_n_lib_70_vote,_n_lib_80_count,_n_lib_80_vote,_n_npb_18_count,_n_npb_18_vote,_n_npb_30_count,_n_npb_30_vote,_n_npb_40_count,_n_npb_40_vote,_n_npb_50_count,_n_npb_50_vote,_n_npb_60_count,_n_npb_60_vote,_n_npb_70_count,_n_npb_70_vote,_n_npb_80_count,_n_npb_80_vote,_n_npp_00_count,_n_npp_00_vote,_n_npp_18_count,_n_npp_18_vote,_n_npp_30_count,_n_npp_30_vote,_n_npp_40_count,_n_npp_40_vote,_n_npp_50_count,_n_npp_50_vote,_n_npp_60_count,_n_npp_60_vote,_n_npp_70_count,_n_npp_70_vote,_n_npp_80_count,_n_npp_80_vote,_n_pfp_00_count,_n_pfp_00_vote,_n_pfp_18_count,_n_pfp_18_vote,_n_pfp_30_count,_n_pfp_30_vote,_n_pfp_40_count,_n_pfp_40_vote,_n_pfp_50_count,_n_pfp_50_vote,_n_pfp_60_count,_n_pfp_60_vote,_n_pfp_70_count,_n_pfp_70_vote,_n_pfp_80_count,_n_pfp_80_vote,_n_rep_00_count,_n_rep_00_vote,_n_rep_18_count,_n_rep_18_vote,_n_rep_30_count,_n_rep_30_vote,_n_rep_40_count,_n_rep_40_vote,_n_rep_50_count,_n_rep_50_vote,_n_rep_60_count,_n_rep_60_vote,_n_rep_70_count,_n_rep_70_vote,_n_rep_80_count,_n_rep_80_vote
1,7546,5397,1904,1183,1430,1000,1253,904,1348,1027,890,726,456,359,265,198,276258,226987,53836,38953,49942,40396,44810,37880,46863,40256,43199,38224,22920,20274,14688,11004,3010,2313,493,319,741,514,673,539,524,440,387,330,144,131,48,40,1521,1048,530,322,383,271,243,163,203,162,102,85,42,34,18,11,438704,344421,85754,57471,79500,60872,73459,59508,77075,63902,65295,55965,34897,30060,22724,16643,99733,69094,23244,13323,21420,14891,18947,14191,16741,12491,11461,8670,5075,3780,2845,1748,1221,667,401,188,330,173,200,125,142,80,89,62,39,28,20,11,46827,37110,4807,2887,4769,3303,6900,5399,10775,9068,8776,7563,6049,5320,4751,3570,8740,5891,2184,1190,1822,1177,1531,1089,1581,1175,940,732,453,362,229,166,203636,157917,39761,26135,35751,26688,33563,26773,36017,29305,32360,27567,17142,14712,9042,6737,3922,2874,640,378,862,590,895,670,737,576,512,436,234,193,42,31,2944,2178,857,521,704,520,528,424,449,367,266,233,107,88,33,25,389477,289391,76271,45797,69398,49009,66790,51418,72184,57286,58527,48543,30349,25542,15958,11796,110236,74571,25366,13453,23054,15311,21346,15694,19009,14074,13142,10000,5707,4375,2612,1664,1207,628,338,137,267,118,202,104,177,98,137,102,63,52,23,17,55304,42932,6504,3658,6192,4126,8065,6191,13592,11233,10665,9070,6432,5586,3854,3068,17066,11749,4381,2519,3411,2274,2921,2087,3016,2257,1889,1501,941,741,507,370,503245,401178,102024,70278,90424,70557,81996,67328,85262,71337,77572,67374,41327,35969,24640,18335,7139,5309,1214,736,1643,1129,1611,1238,1291,1037,905,771,383,327,92,71,4663,3343,1492,895,1133,827,797,602,661,534,377,324,152,125,51,36,176965,111464,158038,116073,148520,116854,154584,124917,127757,107351,67711,57362,40328,29479,227382,153986,53684,29111,48048,32397,44081,32534,38030,28064,25996,19548,11604,8651,5939,3681,2613,1370,819,355,645,310,423,240,335,185,235,167,111,83,45,30,105413,82180,12089,6903,11431,7732,15549,12007,24849,20643,19864,16943,12794,11148,8837,6804
2,12,7,4,2,2,0,0,0,1,1,3,2,2,2,0,0,142,126,9,5,11,11,12,10,25,20,48,44,25,25,12,11,2,2,0,0,0,0,0,0,0,0,1,1,0,0,1,1,1,1,0,0,0,0,0,0,0,0,0,0,1,1,0,0,330,278,24,14,31,22,36,30,65,55,105,92,45,43,24,22,80,57,9,5,13,7,15,11,16,13,23,17,2,2,2,2,2,2,0,0,0,0,0,0,1,1,1,1,0,0,0,0,90,82,2,2,5,4,9,9,22,20,29,27,15,13,8,7,14,10,0,0,0,0,2,1,4,2,6,5,1,1,1,1,116,104,8,5,4,1,14,13,29,28,38,35,18,17,5,5,6,5,0,0,1,0,1,1,0,0,3,3,1,1,0,0,4,3,0,0,0,0,0,0,1,1,3,2,0,0,0,0,369,309,25,14,28,14,50,42,81,71,114,101,52,48,19,19,99,71,7,2,15,8,19,15,22,17,28,21,7,7,1,1,0,0,0,0,0,0,0,0,0,0,0,0,0,0,0,0,128,114,9,6,8,5,14,12,24,22,36,35,25,22,12,12,26,17,4,2,2,0,2,1,5,3,9,7,3,3,1,1,272,240,21,11,17,14,27,24,59,52,88,81,43,42,17,16,8,7,0,0,1,0,1,1,0,0,4,4,1,1,1,1,5,4,0,0,0,0,0,0,1,1,3,2,1,1,0,0,56,30,63,39,87,73,154,132,221,195,98,92,43,41,184,130,18,8,29,15,34,26,40,31,51,38,9,9,3,3,2,2,0,0,0,0,0,0,1,1,1,1,0,0,0,0,222,199,12,8,14,10,23,21,47,43,65,62,41,36,20,19
3,403,292,65,37,52,30,56,40,95,68,86,73,34,30,15,14,3678,3211,231,137,223,158,306,257,641,564,1135,1053,767,718,375,324,54,38,8,4,14,10,10,8,11,6,8,7,3,3,0,0,80,65,17,11,26,20,8,7,18,17,7,6,4,4,0,0,10653,9020,1024,618,1008,736,1170,967,2053,1756,2750,2530,1784,1680,864,733,1832,1328,342,180,292,193,242,180,364,272,391,329,156,144,45,30,35,22,9,5,8,5,4,2,8,6,5,4,1,0,0,0,4554,4053,347,242,392,319,541,472,913,820,1114,1054,818,781,429,365,454,366,72,42,56,42,60,46,82,72,114,97,51,50,19,17,2519,2138,169,103,199,134,190,144,367,310,744,675,573,535,277,237,59,46,4,1,6,3,13,10,20,18,11,9,3,3,2,2,178,147,28,20,37,27,32,29,31,27,33,29,13,12,4,3,10093,8493,1025,612,1067,774,1158,939,1812,1549,2535,2312,1743,1644,753,663,1881,1374,303,137,286,188,256,179,362,276,422,369,197,180,55,45,20,10,6,0,2,1,5,2,4,4,1,1,2,2,0,0,4963,4395,438,305,480,378,601,528,944,840,1204,1127,901,859,395,358,923,703,162,93,119,80,123,91,185,145,211,179,88,83,35,32,6652,5725,462,272,469,332,533,427,1085,942,1978,1819,1436,1339,689,594,120,86,15,6,21,13,24,18,33,25,19,16,6,6,2,2,275,227,52,36,64,48,42,38,52,47,44,39,17,16,4,3,2344,1394,2253,1643,2496,2029,4130,3527,5563,5097,3730,3509,1700,1473,4013,2900,737,358,621,409,537,382,775,583,865,746,370,339,108,83,64,35,17,5,12,6,10,4,13,11,9,7,3,2,0,0,10130,8966,888,618,945,753,1222,1066,1982,1769,2426,2281,1806,1721,861,758
4,1971,1313,466,255,323,210,258,156,359,249,334,252,152,131,79,60,23996,19455,4906,3463,3094,2335,2668,2152,3618,2995,5162,4618,2726,2458,1822,1434,477,344,97,62,129,73,73,57,71,57,79,70,22,20,6,5,475,328,167,102,129,88,50,33,52,41,57,47,15,14,5,3,61632,47710,11765,7208,8677,6014,7503,5698,10140,8176,11972,10550,6962,6308,4613,3756,12890,7864,3806,1794,2686,1547,1814,1167,1913,1276,1637,1268,721,589,313,223,233,98,79,29,52,16,35,16,28,11,32,19,5,5,2,2,21004,17892,2148,1453,2166,1683,2526,2069,4003,3479,4553,4176,3259,3036,2349,1996,2260,1486,558,286,363,192,343,232,374,272,369,296,176,143,77,65,17560,13610,3726,2277,2336,1651,2091,1598,2500,1985,3780,3353,2026,1848,1101,898,572,380,108,59,154,86,101,71,89,65,85,72,29,25,6,2,814,572,269,154,188,123,114,88,99,76,96,86,34,32,14,13,58047,43335,11569,6324,8792,5688,7623,5623,9492,7517,11076,9713,6273,5716,3222,2754,13895,8330,4130,1833,2904,1605,1981,1277,1957,1296,1896,1471,761,638,266,210,217,89,68,28,51,15,32,10,26,10,32,20,6,4,2,2,22054,18375,2622,1651,2690,1949,2882,2291,4332,3720,4674,4299,3154,2948,1700,1517,4591,3029,1159,614,751,443,651,417,777,551,744,583,341,285,168,136,44973,35566,9812,6491,6020,4404,5170,4058,6543,5300,9357,8332,5011,4539,3060,2442,1132,770,234,133,306,172,188,137,164,124,174,150,54,47,12,7,1388,972,488,293,336,224,178,131,155,120,160,140,51,48,20,16,26463,15236,19144,12804,16364,12190,20860,16631,24178,21218,13909,12613,8232,6819,29410,17576,9041,4071,6129,3451,4142,2653,4149,2757,3753,2894,1576,1292,620,458,494,199,162,60,109,31,75,26,63,26,70,43,11,9,4,4,45796,38419,5356,3474,5272,3941,5791,4657,8783,7578,9646,8851,6699,6246,4249,3672
5,560,436,63,43,66,48,85,56,115,91,142,122,63,55,26,21,4625,3902,372,239,368,276,369,270,800,680,1436,1320,857,778,423,339,80,56,11,8,22,15,16,11,16,11,10,8,4,3,1,0,133,101,28,21,19,11,21,16,33,24,22,20,8,7,2,2,13611,11154,1367,837,1440,1032,1564,1178,2652,2249,3489,3132,2123,1937,976,789,2641,1883,440,221,485,323,386,261,539,423,519,431,202,174,70,50,49,23,17,7,10,3,7,2,6,4,8,7,0,0,1,0,5439,4696,425,294,460,352,669,554,1126,1003,1333,1211,978,910,448,372,665,497,80,41,79,45,100,69,139,119,162,134,76,66,29,23,3329,2749,251,161,289,187,260,189,546,433,992,891,702,646,289,242,95,69,9,4,31,16,13,11,16,14,18,16,7,7,1,1,258,193,46,28,47,31,39,32,55,44,41,32,25,21,5,5,13696,11027,1487,874,1589,1031,1511,1124,2676,2212,3323,2967,2271,2092,839,727,2863,2025,494,244,479,282,380,273,506,372,610,509,333,291,61,54,31,22,8,4,6,5,6,4,4,3,6,5,1,1,0,0,6323,5386,577,381,634,453,697,540,1378,1204,1472,1360,1115,1049,450,399,1312,987,174,98,161,104,195,134,272,223,311,262,142,122,57,44,8466,7067,698,447,724,513,684,502,1443,1194,2535,2309,1624,1484,758,618,188,133,23,13,58,33,30,23,33,26,30,26,12,11,2,1,415,313,81,55,70,45,64,52,94,71,66,55,33,28,7,7,3240,1927,3301,2245,3304,2480,5649,4712,7132,6388,4597,4213,1915,1596,5938,4192,1061,526,1052,658,823,578,1105,838,1190,992,569,491,138,109,88,48,26,11,17,8,14,6,14,9,15,13,1,1,1,0,12499,10665,1140,758,1182,866,1466,1170,2636,2314,2942,2696,2190,2052,943,809
6,103,67,29,18,21,15,11,6,15,6,17,14,7,7,3,1,1550,1273,300,224,217,166,193,160,246,202,296,267,177,154,121,100,14,11,5,3,0,0,1,0,3,3,5,5,0,0,0,0,27,20,13,8,6,5,4,4,3,2,1,1,0,0,0,0,4238,3406,824,550,649,476,586,476,733,614,739,671,438,389,269,230,920,609,293,154,217,142,140,100,134,108,88,70,36,27,12,8,9,7,4,2,2,2,1,1,1,1,1,1,0,0,0,0,1614,1418,180,141,186,146,235,204,331,292,331,313,218,201,133,121,129,86,34,18,17,11,20,14,32,23,15,13,6,4,5,3,1195,903,232,148,141,97,125,99,211,160,270,233,135,109,81,57,8,7,3,2,1,1,1,1,2,2,0,0,1,1,0,0,35,30,9,9,10,7,5,5,6,5,5,4,0,0,0,0,3964,3013,741,410,539,374,536,416,726,587,783,693,428,375,211,158,857,518,266,106,156,96,140,93,105,76,113,89,61,49,16,9,10,6,3,1,3,2,1,0,2,2,0,0,0,0,1,1,1726,1462,192,126,210,160,243,203,368,319,380,354,225,212,108,88,246,162,65,37,44,31,32,20,49,31,33,27,15,12,8,4,2871,2276,554,386,375,275,333,270,479,382,593,522,327,277,210,164,22,18,8,5,1,1,2,1,5,5,5,5,1,1,0,0,62,50,22,17,16,12,9,9,9,7,6,5,0,0,0,0,1687,1043,1264,908,1179,937,1533,1265,1599,1429,916,807,509,410,1886,1198,599,282,394,251,294,201,253,197,210,167,103,80,33,20,21,15,8,4,5,4,2,1,4,4,1,1,0,0,1,1,3574,3078,429,312,428,334,505,433,734,639,751,702,470,437,257,221
7,6816,4897,1700,964,1111,763,1085,800,1340,1067,858,693,452,398,270,212,159177,128725,25457,16352,22933,17423,25036,20680,30093,25662,29557,26308,16431,14667,9670,7633,1216,894,281,163,230,151,229,173,229,194,171,149,61,53,15,11,1198,856,400,234,277,203,188,144,175,143,111,94,35,30,12,8,287151,224193,47766,28215,41950,30361,46449,37079,55755,46455,48876,42787,28607,25364,17748,13932,60598,41553,14341,7325,11978,7961,11583,8542,10574,8089,7186,5802,3347,2714,1589,1120,693,363,268,108,139,70,119,72,84,56,48,31,26,20,9,6,57066,46631,5276,3051,5237,3760,8153,6637,13160,11165,10861,9641,8215,7447,6164,4930,7733,5300,1851,938,1321,843,1352,981,1537,1173,958,779,487,409,227,177,117053,89927,19715,11056,16272,11394,18370,14371,22846,18731,22205,19153,11787,10404,5858,4818,1597,1161,309,150,330,226,343,268,292,244,202,173,98,82,23,18,2494,1775,699,374,590,428,438,342,406,323,240,202,92,83,29,23,262606,196315,45574,23685,37573,25347,42886,32844,53434,43299,45339,38656,25139,22085,12661,10399,66726,44522,15649,7177,12377,7813,12420,9002,12047,9139,8805,7034,3963,3270,1465,1087,597,283,214,75,130,60,88,41,74,41,63,43,24,21,4,2,65824,52940,7063,3882,6462,4531,9771,7766,16124,13566,12750,11177,8626,7764,5028,4254,16042,11151,4039,2136,2676,1753,2701,1972,3113,2419,1960,1584,1017,867,536,420,308440,241891,52329,31360,45020,32903,49572,39799,58191,48568,55976,48886,30605,27027,16747,13348,3107,2238,674,347,625,417,638,488,556,468,399,344,171,140,44,34,3995,2813,1219,673,945,674,680,522,606,483,366,307,135,121,44,33,107515,59027,90553,62952,101967,79330,120122,98134,102218,87669,58376,51096,32912,26132,147248,98340,34778,16568,27983,17945,28408,20663,26028,19625,18125,14318,8394,6727,3532,2494,1503,733,563,206,312,148,236,130,192,112,125,82,60,46,15,9,132276,106445,13779,7677,12841,9023,19558,15643,31220,26293,25049,21973,17887,16077,11942,9759
8,281,175,55,21,43,20,36,29,64,45,46,31,31,25,6,4,2405,1798,243,139,282,180,264,186,419,313,630,536,360,304,207,140,52,34,11,4,19,13,5,5,5,2,6,5,5,4,1,1,41,30,11,8,8,4,6,5,7,4,7,7,2,2,0,0,6649,4688,855,396,971,569,812,557,1323,978,1455,1201,788,661,445,326,1493,799,329,106,320,158,209,103,287,182,233,167,80,59,35,24,34,14,7,2,7,2,8,3,7,3,3,2,2,2,0,0,2288,1805,190,112,283,190,276,220,526,425,522,446,299,258,192,154,309,200,42,20,48,21,49,32,66,44,67,54,28,22,9,7,1643,1199,174,92,169,108,162,100,308,213,446,380,258,215,126,91,48,22,9,3,13,3,8,3,7,4,8,7,3,2,0,0,89,59,13,7,19,8,19,14,15,12,15,12,7,5,1,1,5982,4137,806,362,847,460,750,485,1163,840,1333,1100,739,622,344,268,1473,794,330,118,321,134,204,107,251,157,234,181,96,73,37,24,29,11,6,1,9,2,3,2,3,2,4,1,2,2,2,1,2317,1809,225,119,261,182,289,219,502,400,539,453,333,292,168,144,633,396,114,45,97,44,91,64,135,92,119,90,60,48,17,13,4356,3192,486,258,495,314,456,306,783,563,1137,965,647,541,352,245,108,60,20,7,35,18,14,8,12,6,18,14,8,6,1,1,138,92,28,16,27,12,27,20,24,17,22,19,9,7,1,1,1919,855,1989,1120,1678,1111,2630,1914,2933,2412,1600,1344,831,626,3212,1698,751,252,699,319,452,225,564,354,491,363,181,136,74,49,72,30,19,6,17,5,11,5,10,5,8,3,5,5,2,1,4919,3835,481,265,598,402,603,469,1082,865,1107,938,669,583,379,313
9,2227,1696,397,229,311,214,370,289,489,397,402,345,172,151,86,71,19899,17124,2285,1593,2023,1590,2508,2166,4115,3664,4983,4594,2629,2426,1356,1091,326,241,53,31,88,63,66,49,53,40,45,40,16,15,5,3,561,422,180,112,123,91,80,70,91,75,62,53,18,16,7,5,59141,49294,7263,4623,7100,5300,8697,7207,13119,11397,12589,11484,6838,6356,3535,2927,11796,8601,2130,1135,2169,1451,2085,1566,2492,1953,1861,1596,739,649,320,251,161,71,59,19,35,12,21,9,18,10,22,16,5,4,1,1,23735,20796,2106,1475,2295,1836,3499,3003,5759,5176,5115,4755,3220,3061,1741,1490,2262,1674,385,206,356,227,346,257,471,380,426,368,185,158,93,78,13599,11332,1630,1022,1406,1013,1623,1322,2508,2144,3637,3287,1902,1769,893,775,373,240,62,25,96,45,83,65,61,44,50,43,18,15,3,3,922,689,251,147,214,154,181,149,132,110,103,90,35,33,6,6,55251,45086,7254,4261,6524,4560,8053,6517,11865,10153,12002,10849,6619,6153,2934,2593,12407,9073,2323,1166,2049,1316,2137,1611,2443,1961,2170,1888,987,879,298,252,120,67,32,13,28,11,20,16,20,10,14,12,4,3,2,2,25023,21577,2504,1652,2304,1738,3568,3025,6109,5402,5489,5061,3440,3250,1609,1449,4618,3465,840,474,695,463,736,561,974,787,834,719,359,311,180,150,34342,29106,4243,2838,3587,2726,4256,3594,6731,5901,8701,7950,4556,4215,2268,1882,711,487,124,60,185,108,151,116,114,84,95,83,34,30,8,6,1544,1155,464,280,354,257,264,222,226,188,169,147,54,50,13,11,15559,9543,14149,10259,17152,14054,25348,21847,24807,22527,13558,12593,6523,5566,25062,18253,4782,2486,4390,2885,4368,3294,5055,3999,4083,3529,1758,1551,626,509,291,142,97,35,66,24,42,25,38,20,36,28,9,7,3,3,49517,42983,4876,3304,4743,3695,7167,6110,11984,10682,10670,9881,6701,6349,3376,2962
10,5106,3304,1544,829,964,588,734,470,788,571,633,509,279,224,164,113,88846,62999,18354,11246,15138,9533,12404,8672,14294,10761,14366,11952,8031,6647,6259,4188,593,374,207,112,143,81,96,71,68,49,57,44,12,10,10,7,975,637,379,225,245,163,143,94,123,88,67,58,13,7,5,2,208359,142111,46299,24733,37748,22143,30120,20582,33976,25764,30458,25365,17261,14630,12497,8894,38942,20987,15076,6569,8834,4742,5581,3315,4533,2914,3002,2132,1240,890,676,425,641,279,314,110,148,73,78,37,50,27,42,28,7,4,2,0,71569,52478,10007,5429,11938,6770,10837,7782,13838,11158,12082,10483,7549,6741,5318,4115,5632,3540,1730,844,1069,609,861,570,847,617,669,536,324,268,132,96,66599,42948,14440,7281,11427,6131,9154,5837,10751,7521,10807,8520,6123,5012,3897,2646,725,429,195,93,215,108,127,82,73,52,84,70,28,22,3,2,1608,1111,584,337,429,312,234,174,161,127,145,118,46,35,9,8,186342,120564,42322,19519,34316,18553,27601,18238,30690,22537,27630,22527,15084,12835,8699,6355,37441,19294,13895,5087,8133,4145,5552,3336,4540,2879,3331,2413,1386,1041,604,393,557,202,268,60,98,44,71,42,48,20,54,28,14,5,4,3,71422,51618,10680,5589,12416,6933,11254,7982,13904,11067,12199,10578,7003,6318,3966,3151,11857,7488,3719,1890,2265,1334,1756,1134,1754,1261,1387,1107,649,532,327,230,172670,116403,37584,20992,30008,17503,24031,16084,27359,19849,27247,22023,15390,12579,11051,7373,1448,860,454,221,393,200,235,159,155,113,153,123,42,34,16,10,2821,1889,1087,628,735,513,401,284,299,225,220,183,65,46,14,10,101665,50095,81154,45315,63961,42684,70488,52194,62672,51236,35144,29538,22980,16350,87840,45607,33655,13285,19448,10085,12712,7545,10260,6481,7186,5081,3091,2211,1488,919,1379,553,668,199,294,137,169,89,111,52,108,62,21,9,8,5,155467,111884,23402,12392,27013,15022,23976,16989,29822,23713,25769,22201,15565,13871,9920,7696
11,244,219,59,56,47,42,28,24,39,34,45,39,17,17,9,7,2164,1931,350,300,281,244,234,197,354,311,431,407,269,246,245,226,23,20,9,8,4,2,3,3,3,3,3,3,1,1,0,0,44,40,14,13,11,11,7,6,4,3,5,4,2,2,1,1,6658,5923,1158,981,979,840,886,760,1174,1036,1208,1133,739,692,514,481,1460,1158,421,322,307,244,234,186,247,198,160,137,69,54,22,17,22,20,9,8,4,4,3,3,3,3,3,2,0,0,0,0,2690,2526,294,272,320,289,377,341,523,484,559,539,381,372,236,229,256,213,55,42,46,36,34,28,43,38,48,42,24,22,6,5,1531,1311,237,206,182,141,175,134,264,216,331,301,193,179,149,134,19,15,4,4,4,3,4,2,3,2,2,2,2,2,0,0,70,60,19,14,12,11,15,13,7,5,11,11,6,6,0,0,6083,5268,1048,840,902,730,792,667,1096,941,1168,1082,707,666,370,342,1317,1028,390,284,265,200,183,150,208,165,163,140,86,73,22,16,21,12,6,5,6,2,3,1,2,1,2,1,2,2,0,0,2857,2619,335,283,385,335,376,338,567,513,608,582,393,381,193,187,513,444,120,104,95,80,65,54,82,72,94,82,42,40,15,12,3733,3275,606,524,470,391,415,335,623,532,763,708,462,425,394,360,44,37,15,14,8,5,7,5,6,5,5,5,3,3,0,0,118,103,35,28,23,22,22,19,13,10,16,15,8,8,1,1,2288,1892,1905,1591,1697,1442,2285,1992,2382,2219,1449,1361,884,823,2819,2220,837,627,580,451,420,338,458,366,325,278,155,127,44,33,43,32,15,13,10,6,6,4,5,4,5,3,2,2,0,0,5597,5190,656,578,712,630,760,686,1095,1002,1169,1123,776,755,429,416
12,1153,743,301,167,217,122,159,96,192,130,188,155,65,51,31,22,20507,16712,3721,2641,3220,2435,2539,2076,3229,2715,4492,4029,2131,1899,1175,917,857,600,184,111,211,120,166,127,144,115,111,93,32,28,9,6,252,168,77,47,62,42,44,29,38,26,22,18,9,6,0,0,40359,30861,7354,4603,6902,4682,5333,4020,6589,5280,7918,6958,4000,3546,2263,1772,8599,5367,2248,1139,2187,1298,1345,878,1201,807,1061,830,417,331,140,84,165,70,55,15,46,19,22,12,26,15,13,8,2,1,1,0,8766,7158,760,477,944,636,1049,797,1753,1469,2015,1811,1342,1228,903,740,1261,791,282,154,237,122,190,114,235,152,202,155,85,69,30,25,14644,11333,2567,1640,2331,1587,1979,1507,2130,1700,3278,2874,1660,1468,699,557,1031,701,155,82,246,127,250,174,151,117,162,137,54,51,13,13,516,340,149,89,118,69,83,55,66,49,71,55,28,23,1,0,36669,26683,6376,3584,6519,3953,5431,3865,5797,4464,7260,6225,3714,3289,1572,1303,9223,5673,2224,1033,2285,1235,1555,991,1208,837,1300,1052,517,422,134,103,149,71,33,11,31,15,23,14,22,8,32,15,6,6,2,2,9749,7711,945,561,1253,786,1331,1000,1968,1588,2200,1926,1361,1249,691,601,2522,1584,642,346,468,249,360,215,440,289,399,317,152,121,61,47,36537,29029,7000,4751,5735,4151,4622,3657,5471,4498,7925,7033,3875,3437,1909,1502,1960,1344,377,212,475,258,424,307,298,235,277,233,87,80,22,19,799,530,248,152,183,113,128,85,105,75,96,75,38,30,1,0,15305,9078,13876,8919,11019,8052,12653,9933,15467,13418,7880,6972,3908,3139,18761,11520,5013,2411,4637,2620,2987,1924,2480,1688,2409,1916,957,770,278,191,343,153,103,31,84,37,47,27,50,24,48,25,8,7,3,2,19025,15245,1891,1155,2259,1469,2422,1822,3785,3108,4282,3794,2758,2524,1628,1373
13,678,400,202,93,104,61,110,69,116,76,73,51,49,34,24,16,19218,12913,3697,2115,3043,1860,2886,1928,3243,2374,3172,2472,1845,1395,1332,769,68,39,27,18,16,7,12,7,5,3,5,3,2,1,1,0,149,74,73,36,32,13,22,10,9,6,8,6,3,1,2,2,36960,23812,8152,4160,6487,3774,5698,3756,6124,4430,5415,4164,2986,2264,2098,1264,10010,5573,3125,1349,2264,1211,1580,992,1391,943,995,693,399,261,256,124,191,89,89,42,38,21,27,9,16,5,11,7,5,3,5,2,6436,4602,885,478,935,571,1030,720,1313,1006,1129,916,670,561,474,350,892,511,295,131,170,91,134,85,108,70,102,75,49,39,34,20,15134,9355,3056,1495,2465,1209,2076,1296,2536,1758,2533,1907,1417,1066,1051,624,105,56,42,19,26,11,9,6,14,10,11,8,2,1,1,1,216,123,101,49,36,18,36,21,15,14,18,13,6,5,4,3,32178,19542,7419,3285,5654,2903,4832,3002,5325,3736,4774,3658,2485,1907,1689,1051,8592,4559,2778,1053,1747,883,1384,792,1242,833,861,619,386,271,194,108,156,59,75,29,31,9,19,7,15,6,9,5,3,1,4,2,6886,4760,1015,480,1132,654,1153,780,1355,1020,1220,1017,614,519,397,290,1639,943,527,233,287,158,251,157,232,152,178,129,104,77,60,37,35827,23185,7219,3861,5738,3204,5127,3339,5943,4239,5925,4538,3379,2550,2496,1454,182,98,78,40,42,18,21,13,19,13,16,11,4,2,2,1,387,205,188,90,71,31,59,31,26,22,27,19,10,7,6,5,16600,7944,12678,6963,10926,7028,11824,8421,10584,8107,5686,4343,3959,2408,19467,10575,6259,2547,4184,2179,3075,1851,2716,1829,1938,1365,817,559,478,245,361,155,172,76,70,30,47,16,33,12,20,12,9,4,10,5,13966,9800,2041,1036,2177,1281,2291,1584,2783,2112,2433,1999,1342,1131,899,657
14,183,131,27,13,26,21,28,21,43,31,40,30,11,7,8,8,1749,1493,171,109,192,149,169,143,331,287,481,444,225,207,180,154,20,13,2,0,3,0,5,3,3,3,4,4,2,2,1,1,27,23,6,5,6,6,2,2,5,5,7,4,0,0,1,1,4882,4034,543,328,606,449,557,452,952,806,1146,1027,649,606,429,366,912,614,176,81,196,122,148,103,161,118,159,127,59,51,13,12,11,8,3,2,3,3,2,1,0,0,3,2,0,0,0,0,1959,1736,155,117,177,145,199,176,404,359,447,411,351,338,226,190,207,162,24,14,26,17,21,17,43,32,48,42,31,27,14,13,1219,1004,128,78,120,88,110,86,243,200,310,277,195,174,113,101,30,25,0,0,3,2,6,6,12,9,7,7,2,1,0,0,61,55,2,1,12,11,10,8,18,16,12,12,6,6,1,1,4656,3814,517,287,524,383,580,466,921,778,1105,991,667,606,342,303,1060,752,194,85,191,129,174,130,179,139,219,182,79,64,24,23,14,11,3,0,1,1,2,2,3,3,1,1,4,4,0,0,2038,1783,164,107,170,134,253,214,420,376,498,462,344,326,189,164,412,307,57,29,56,41,51,40,92,66,90,74,44,36,22,21,3112,2617,342,217,343,263,299,249,593,504,815,743,424,384,296,257,52,40,2,0,7,3,11,9,15,12,12,12,4,3,1,1,92,80,11,7,19,18,12,10,23,21,19,16,6,6,2,2,1187,687,1234,907,1189,962,1940,1636,2328,2086,1342,1236,789,683,2102,1440,416,186,421,268,336,242,351,265,395,322,143,120,40,37,27,20,6,2,5,5,4,3,4,3,4,3,4,4,0,0,4162,3654,347,243,378,304,468,403,854,759,978,903,710,678,427,364
15,5381,3429,1486,775,1105,664,841,545,859,605,678,529,279,221,133,90,67605,45833,15682,8592,11591,7070,9614,6426,10893,8016,10396,8449,5741,4660,3688,2620,397,257,150,81,89,52,62,40,51,42,31,29,11,11,3,2,1012,647,371,209,274,192,156,88,119,85,68,55,19,15,5,3,176506,122521,39718,20970,31609,19617,26213,18151,30264,23387,25844,21649,14542,12399,8316,6348,38110,21245,13481,5870,8568,4762,5760,3488,5026,3307,3279,2389,1414,1049,582,380,663,249,327,105,154,73,80,28,70,26,20,9,9,6,3,2,63192,50775,8203,5327,9805,6793,9667,7521,13214,11286,11348,10171,7058,6428,3897,3249,6029,3798,1636,782,1183,644,922,608,1066,779,733,573,351,297,138,115,52708,32147,12792,5608,9006,4562,7178,4323,8642,5909,8164,6381,4427,3560,2499,1804,500,280,182,89,124,66,71,40,57,38,48,37,14,6,4,4,1676,1153,574,336,471,322,232,177,201,156,142,116,48,38,8,8,164146,108722,38001,17223,29310,16887,23981,16282,28827,21713,24716,20428,13134,11287,6177,4902,37464,19656,13190,4781,8028,4140,5482,3227,5050,3270,3697,2734,1513,1160,504,344,545,178,274,61,92,25,69,30,54,32,41,22,14,7,1,1,65038,51394,9329,5549,10365,7107,9990,7854,13727,11511,11863,10549,6746,6200,3018,2624,12379,7792,3504,1747,2489,1418,1907,1237,2047,1473,1480,1153,669,551,283,213,129976,83849,31525,15686,22449,12667,18060,11547,20876,14879,19627,15621,10834,8737,6605,4712,965,567,366,182,228,123,146,89,110,82,83,68,25,17,7,6,2907,1936,1049,599,805,554,408,278,338,256,220,180,71,56,16,13,86509,42397,66318,39662,54086,36965,63025,48008,53465,44312,29390,25078,15470,11959,83168,44633,29801,11822,18247,9761,12322,7318,10899,7083,7531,5490,3172,2374,1196,785,1336,466,673,188,267,105,162,60,139,64,67,33,23,13,5,3,137166,108919,19542,12141,21762,14999,21005,16397,28549,24130,24399,21729,14563,13301,7346,6222
16,640,433,166,93,114,65,104,81,122,87,71,54,49,39,14,14,9778,6778,1865,1073,1665,1017,1377,944,1587,1161,1516,1210,1035,833,733,540,47,32,26,15,9,7,6,5,5,4,1,1,0,0,0,0,159,100,69,35,45,31,20,13,13,11,10,8,2,2,0,0,26954,18083,6001,3004,5134,3001,4033,2763,4453,3369,3732,3048,2212,1840,1389,1058,4891,2832,1549,694,1209,692,754,471,668,468,431,306,179,133,101,68,82,36,43,19,17,7,9,3,7,4,4,2,1,1,1,0,11301,7833,2275,1071,2066,1176,1753,1239,2041,1626,1691,1462,940,826,535,433,699,457,186,89,128,72,103,75,126,96,94,76,53,41,9,8,7273,4598,1440,666,1153,574,985,604,1255,839,1211,965,747,593,482,357,47,24,15,7,19,10,5,4,5,1,2,1,1,1,0,0,216,145,69,39,73,46,34,28,18,13,17,14,2,2,3,3,23327,15068,5300,2307,4218,2259,3517,2367,4068,3008,3433,2840,1857,1552,934,735,4373,2482,1417,559,919,501,688,446,618,427,464,349,197,152,70,48,61,24,32,10,11,5,10,5,5,2,2,1,1,1,0,0,10586,7293,2131,932,1901,1045,1681,1198,2026,1621,1629,1423,850,757,368,317,1388,918,374,194,245,139,215,162,255,187,171,134,103,80,25,22,17768,11810,3542,1852,2931,1658,2447,1600,2920,2055,2807,2226,1844,1479,1277,940,99,58,46,24,28,17,11,9,10,5,3,2,1,1,0,0,391,253,149,78,120,79,56,42,31,24,27,22,5,5,3,3,12100,5632,9716,5456,7811,5296,8778,6558,7386,6052,4209,3509,2447,1879,9676,5518,3153,1326,2214,1237,1491,947,1329,924,918,669,392,294,179,121,153,62,84,31,29,12,19,8,12,6,6,3,2,2,1,0,22840,15675,4734,2118,4125,2301,3549,2512,4196,3340,3432,2980,1850,1637,954,787
17,610,410,98,54,85,41,91,60,145,106,101,78,67,55,23,16,7230,5518,688,392,719,449,806,587,1315,1020,1914,1623,1158,1005,630,442,184,128,22,14,38,22,25,18,46,33,40,30,10,8,3,3,136,81,29,16,34,17,23,11,24,17,21,16,4,3,1,1,16811,12218,1999,1009,2020,1182,2111,1414,3302,2497,3906,3254,2274,1973,1199,889,4266,2512,850,346,765,391,660,360,854,562,753,567,269,208,115,78,101,44,37,14,17,8,20,6,16,9,9,5,2,2,0,0,4269,3514,275,173,362,254,481,368,898,747,1064,933,764,692,425,347,703,458,120,42,95,50,88,47,135,103,160,131,87,70,18,15,5474,4072,541,235,514,295,537,366,1004,756,1522,1284,903,778,453,358,194,124,23,8,46,19,24,14,37,29,43,33,19,19,2,2,226,151,54,30,40,27,30,17,45,29,38,32,16,13,3,3,15842,11308,1946,824,1875,1075,1825,1205,3070,2290,3857,3192,2278,1954,991,768,4360,2515,839,293,715,345,594,322,834,535,896,665,381,292,101,63,76,36,18,4,15,4,9,4,18,11,12,9,4,4,0,0,4785,3935,348,210,448,333,542,434,993,824,1179,1033,864,776,411,325,1410,919,251,112,189,96,195,114,296,217,275,218,162,131,42,31,13549,10179,1396,712,1352,813,1451,1027,2449,1874,3618,3053,2151,1862,1132,838,406,269,52,27,89,45,54,33,85,64,91,68,30,27,5,5,392,248,95,53,81,47,55,29,73,49,62,49,21,16,5,5,4495,2072,4270,2441,4233,2795,6725,5024,8134,6728,4750,4090,2293,1735,9382,5352,1935,716,1649,801,1357,732,1794,1145,1732,1284,688,527,227,147,192,86,64,21,34,12,31,11,34,20,23,16,6,6,0,0,9527,7802,699,429,873,624,1083,844,1986,1649,2322,2033,1687,1518,877,705
18,332,237,59,38,57,34,44,26,77,62,58,47,26,22,11,8,1724,1347,135,82,151,105,161,117,296,238,491,425,266,226,224,154,26,15,7,3,9,5,2,2,4,2,4,3,0,0,0,0,48,36,15,10,17,12,5,4,6,6,5,4,0,0,0,0,6756,5213,885,529,920,646,985,738,1356,1091,1469,1284,713,615,428,310,1337,812,280,137,270,157,229,130,260,166,200,152,75,55,23,15,21,8,9,2,4,3,3,2,3,1,2,0,0,0,0,0,3230,2734,371,256,405,326,533,451,705,612,703,647,343,309,170,133,389,271,59,25,70,44,58,45,78,56,69,57,40,35,15,9,1179,885,96,44,83,45,112,81,202,157,338,284,206,171,142,103,29,18,4,1,10,5,4,2,6,5,5,5,0,0,0,0,68,46,18,11,17,12,8,5,11,8,9,7,4,3,1,0,6715,5100,994,527,898,600,949,728,1326,1055,1472,1273,729,643,347,274,1436,877,351,137,271,154,200,132,252,171,242,192,95,76,25,15,21,10,9,5,2,0,5,1,4,3,1,1,0,0,0,0,3546,2967,442,300,439,338,555,458,765,649,800,720,382,356,163,146,758,532,139,75,133,81,107,75,156,119,129,106,67,58,27,18,3001,2293,268,142,250,161,280,204,517,407,840,719,476,399,370,261,57,34,11,4,20,10,7,5,10,7,9,8,0,0,0,0,131,88,44,24,36,25,13,9,18,15,15,12,4,3,1,0,2155,1199,1913,1306,2002,1519,2732,2181,2972,2585,1455,1266,781,590,2943,1773,720,310,577,331,454,279,526,344,446,347,172,132,48,30,45,18,21,7,6,3,8,3,7,4,3,1,0,0,0,0,6985,5856,924,631,878,689,1117,933,1485,1275,1516,1379,731,669,334,280
19,51031,31246,14530,7979,10402,5894,8468,5405,8169,5536,5344,3707,2563,1818,1555,907,1454645,1055428,304858,198874,260835,179587,230342,171277,239857,185362,213769,170715,120749,95259,84235,54354,9417,5637,2724,1532,2552,1430,1808,1112,1267,849,701,488,261,169,104,57,11037,6638,4208,2271,2890,1741,1630,1050,1225,845,687,472,289,203,108,56,2632425,1799931,570235,335850,481813,305523,418806,294835,438035,325462,366632,282480,210254,162364,146650,93417,619724,362475,180022,91470,138612,79120,103139,65289,89468,58134,62773,41426,29284,18822,16426,8214,15135,6175,5676,2031,4142,1688,2323,1028,1678,745,850,474,282,144,184,65,451748,319908,54340,29636,58301,33648,67325,47237,93155,71761,79982,63380,55447,44957,43198,29289,56417,32339,15987,7842,11990,6245,9630,5727,8922,5766,5760,3911,2735,1954,1393,894,1128630,750162,242700,135918,202413,123247,179844,121039,197918,141331,165431,126104,88320,68022,52004,34501,12476,6930,3290,1530,3439,1758,2405,1467,1772,1143,1064,703,401,272,105,57,18361,11185,5875,3105,4814,2859,3091,2064,2402,1643,1500,1043,519,370,160,101,2349601,1490380,520450,263283,435121,248510,380196,247548,410234,287566,325184,241709,176404,134004,102012,67760,621735,343194,179280,78409,139656,74644,105604,64358,90411,57208,63300,41595,29293,19258,14191,7722,13965,4689,5333,1439,3890,1274,1919,682,1507,619,904,472,274,149,138,54,473491,326862,63441,32913,63658,35513,72648,48993,103199,77132,84133,65657,53223,42759,33189,23895,112833,66607,32788,16991,23428,12738,18847,11584,17723,11707,11497,7842,5498,3891,3052,1854,2707125,1885445,589606,359673,484441,316667,425272,302184,452927,336991,393634,307323,218253,169988,142992,92619,22943,13168,6470,3312,6219,3324,4379,2680,3144,2052,1827,1227,688,455,216,118,30730,18575,10782,5740,8025,4800,4853,3199,3725,2546,2235,1542,831,585,279,163,1174962,642971,961642,580499,831334,562302,881056,633976,722814,545138,405997,309528,262195,168478,1323925,747374,389051,182862,294718,162610,219735,135923,189441,120613,134423,87741,63055,40459,33502,17166,31204,11507,11985,3730,8543,3111,4483,1787,3364,1432,1865,997,618,323,346,127,965095,671746,125331,66242,126591,71690,144576,99085,203132,153527,171493,134280,113902,91528,80070,55394
20,845,603,228,127,124,79,118,89,147,114,132,113,74,66,22,15,10331,8027,1912,1212,1357,949,1259,927,1678,1375,2057,1815,1321,1157,747,592,84,64,21,13,17,13,11,9,12,10,15,13,6,4,2,2,153,105,67,36,33,25,12,10,23,18,17,15,1,1,0,0,28562,21866,5473,3164,4172,2825,3777,2833,4910,4038,5273,4665,3246,2914,1711,1427,5798,3627,1889,904,1192,732,863,579,822,593,633,493,285,240,114,86,121,57,61,21,24,13,14,6,9,7,9,6,2,2,2,2,11135,9313,1275,842,1402,998,1488,1204,2210,1914,2389,2191,1551,1438,820,726,870,597,223,113,134,83,122,84,153,117,134,112,69,59,35,29,7471,5528,1439,750,905,574,873,624,1144,886,1562,1360,1005,890,543,444,87,55,24,8,16,8,13,10,14,11,12,11,7,6,1,1,233,176,80,53,54,41,33,26,25,20,32,27,7,7,2,2,25548,19130,4976,2494,3545,2322,3371,2515,4328,3499,4809,4235,3074,2810,1445,1255,5526,3369,1776,703,974,579,803,541,778,555,736,603,352,300,107,88,77,31,42,13,13,8,13,3,2,2,4,2,2,2,1,1,11150,9276,1377,846,1424,1013,1496,1216,2184,1885,2305,2101,1614,1529,750,686,1852,1283,508,271,280,174,261,187,315,238,276,233,152,133,60,47,18981,14404,3670,2135,2429,1638,2261,1634,3011,2410,3792,3327,2439,2149,1379,1111,185,129,53,26,34,21,25,20,27,22,30,27,13,10,3,3,412,300,160,98,91,68,46,36,54,44,50,43,9,9,2,2,11500,6231,8340,5583,7606,5673,9802,7990,10579,9333,6619,5989,3347,2851,12264,7569,4005,1754,2368,1449,1793,1209,1722,1236,1458,1163,676,567,242,191,210,91,111,35,40,23,28,9,11,9,13,8,4,4,3,3,23649,19700,2954,1893,3047,2177,3162,2558,4624,4001,4914,4493,3300,3092,1648,1486
21,1537,1285,289,205,200,160,285,254,343,299,222,192,120,113,78,62,48405,44548,5462,4231,5041,4452,7791,7296,9547,9018,10831,10369,6495,6239,3238,2943,576,455,61,36,95,63,156,125,111,96,90,78,45,42,18,15,292,233,61,43,53,38,59,52,58,46,41,35,13,13,7,6,78023,70027,8869,6503,8381,7124,13014,11824,15767,14611,15959,15067,10264,9772,5769,5126,15691,13193,2373,1567,2300,1854,3252,2810,3282,2926,2528,2286,1305,1200,651,550,105,72,27,18,13,6,22,12,15,11,19,17,8,8,1,0,11245,10099,583,394,663,537,1419,1255,2378,2188,2181,2043,2258,2141,1763,1541,1679,1348,328,197,251,203,328,277,349,298,252,219,126,113,45,41,34895,31330,4274,3044,3483,2975,5443,4983,6923,6384,7929,7467,4801,4580,2042,1897,780,632,58,32,120,86,180,149,192,170,159,134,57,49,14,12,611,487,116,70,95,72,128,105,127,114,87,76,46,40,12,10,70699,61738,8671,5763,7389,6060,11836,10485,14605,13159,14356,13317,9441,8930,4401,4024,18804,15615,2867,1766,2538,2024,3944,3392,3804,3323,3168,2843,1821,1683,662,584,102,61,28,12,11,4,9,6,17,12,21,16,10,8,6,3,13551,12031,967,621,863,677,1765,1540,3133,2802,2672,2500,2542,2423,1609,1468,3455,2822,668,430,491,398,656,565,735,633,508,442,268,245,129,109,89538,81327,10740,8006,9386,8156,14412,13343,17644,16470,19828,18826,11902,11386,5626,5140,1464,1172,134,78,237,168,359,290,323,282,266,229,110,96,35,29,958,762,194,122,158,116,196,166,195,169,134,117,61,55,20,17,19313,13454,17331,14443,26997,24179,32505,29657,32160,30042,20786,19684,10778,9669,37452,31104,5782,3650,5302,4221,7847,6743,7666,6741,6123,5480,3331,3063,1401,1206,245,150,65,33,31,12,37,22,37,25,50,39,18,16,7,3,26272,23388,1677,1101,1675,1337,3412,2988,5808,5251,5129,4793,5037,4773,3534,3145
22,181,137,28,15,19,12,19,16,40,32,40,33,25,23,10,6,1719,1491,136,88,168,132,164,138,323,282,496,457,282,262,150,132,40,32,6,5,4,2,7,5,11,10,8,7,3,2,1,1,42,27,6,2,10,7,6,1,12,11,7,5,1,1,0,0,5247,4374,557,339,568,414,549,422,1079,935,1305,1183,786,726,403,355,923,642,163,78,166,109,133,87,168,129,186,151,76,66,31,22,22,11,8,4,2,0,3,2,7,4,2,1,0,0,0,0,2269,1995,201,143,192,147,214,171,504,456,554,518,395,368,209,192,233,177,37,20,28,19,21,11,48,38,55,51,32,30,12,8,1296,1099,109,65,115,90,120,94,233,183,380,353,252,238,87,76,51,42,4,3,6,6,10,9,15,10,13,11,2,2,1,1,64,51,8,4,12,10,7,5,14,11,16,15,5,5,2,1,5153,4233,546,302,566,396,551,417,1009,841,1318,1208,822,776,341,293,1022,752,158,74,171,105,136,100,193,152,229,200,105,96,30,25,11,5,6,1,1,1,0,0,2,2,2,1,0,0,0,0,2386,2041,217,132,220,159,246,190,485,428,595,556,416,395,207,181,456,344,78,40,50,33,42,29,98,80,101,88,65,60,22,14,3192,2735,269,171,311,243,306,251,584,486,917,845,549,514,256,225,94,76,10,8,12,10,18,14,26,20,21,18,5,4,2,2,118,87,17,9,23,18,14,7,32,26,24,20,6,6,2,1,1248,726,1230,874,1182,907,2213,1882,2741,2498,1672,1559,779,679,2092,1488,368,174,362,224,289,204,388,302,439,373,185,164,61,47,36,17,15,5,3,1,4,3,10,6,4,2,0,0,0,0,4929,4268,475,312,448,333,493,388,1041,933,1193,1118,847,797,432,387
23,840,561,136,75,127,68,145,88,168,118,158,130,75,58,31,24,14023,11457,1490,992,1724,1278,1706,1313,2234,1815,3832,3418,2042,1854,995,787,562,370,53,25,127,65,102,61,99,73,120,96,53,42,8,8,169,116,48,31,30,17,27,17,28,24,24,17,9,8,3,2,26509,20397,3277,1943,3724,2485,3510,2520,4545,3572,6266,5464,3397,3017,1790,1396,5808,3760,1170,564,1226,723,891,565,988,698,975,778,395,315,163,117,125,56,27,14,27,11,30,10,18,7,18,11,4,2,1,1,4906,4033,343,237,455,321,597,459,991,827,1124,1003,814,734,582,452,863,584,127,61,137,71,148,85,184,136,158,131,77,71,32,29,9997,7849,1096,628,1229,853,1228,877,1572,1228,2740,2402,1557,1386,575,475,678,413,48,20,152,75,135,94,113,66,157,106,63,43,10,9,315,227,68,44,57,36,51,35,56,44,60,50,15,12,8,6,23598,17401,2893,1508,3399,2087,3264,2213,4050,3039,5597,4750,3165,2784,1230,1020,6077,3874,1009,424,1200,669,978,602,978,658,1203,944,575,476,134,101,127,58,24,6,20,8,27,10,24,12,20,12,9,7,3,3,5433,4337,508,321,580,365,689,505,1103,886,1231,1085,860,782,462,393,1735,1168,276,144,274,149,295,175,356,254,319,264,152,129,63,53,24440,19633,2749,1725,3045,2210,2992,2243,3852,3081,6606,5850,3619,3257,1577,1267,1253,795,104,48,284,144,238,156,213,140,279,204,117,86,18,17,493,349,123,80,89,54,78,52,84,68,84,67,24,20,11,8,6559,3670,7336,4738,6883,4820,8690,6687,11933,10272,6594,5826,3029,2423,12186,7802,2321,1049,2496,1434,1903,1189,1994,1379,2201,1739,974,794,297,218,256,115,54,21,47,19,57,20,43,19,38,23,13,9,4,4,10473,8471,907,594,1069,716,1300,973,2109,1727,2362,2094,1680,1520,1046,847
24,1254,947,388,254,202,154,172,128,193,158,161,143,95,77,43,33,21965,17396,5623,3718,3479,2662,2948,2366,3404,2899,3302,2935,1928,1727,1281,1089,155,122,51,38,44,28,14,12,28,27,12,11,6,6,0,0,207,144,86,52,46,33,25,17,33,27,7,5,10,10,0,0,44946,35458,11416,7227,7200,5473,6365,5168,7281,6259,6429,5794,3879,3490,2376,2047,8775,6008,3420,1926,1777,1266,1283,981,1019,778,743,627,360,293,173,137,114,59,49,24,21,8,13,4,18,12,10,8,1,1,2,2,12461,10770,1796,1213,1627,1318,1909,1659,2582,2354,2192,2064,1478,1376,877,786,1373,1038,408,249,223,162,193,154,223,188,193,164,87,81,46,40,16165,12316,4139,2436,2238,1584,2150,1679,2646,2184,2640,2330,1550,1417,802,686,152,114,58,38,39,27,22,18,18,16,14,14,0,0,1,1,347,260,136,80,80,67,47,37,42,36,28,27,11,10,3,3,39163,30187,9979,5843,5854,4245,5452,4320,6645,5643,6082,5475,3459,3176,1692,1485,8170,5376,3177,1622,1451,971,1112,815,1066,819,814,685,391,329,159,135,62,39,25,10,14,10,6,4,6,5,9,8,2,2,0,0,12842,11005,2022,1399,1800,1417,1911,1605,2636,2390,2380,2243,1414,1333,679,618,2846,2134,898,564,458,340,386,295,439,364,374,322,198,172,93,77,41578,32233,10917,6885,6281,4637,5522,4376,6549,5491,6378,5621,3722,3342,2209,1881,335,254,122,82,89,59,40,33,50,47,26,25,7,7,1,1,610,444,253,154,141,108,78,60,76,64,38,35,21,20,3,3,23923,14584,14283,10572,12809,10277,14959,12742,13364,11967,7821,7074,4313,3745,18810,12559,7415,3970,3572,2459,2643,1984,2287,1747,1718,1431,820,678,355,290,210,116,89,38,41,23,27,14,28,19,20,17,3,3,2,2,27011,23166,4211,2879,3687,2934,4101,3506,5516,5000,4804,4511,3044,2847,1648,1489
25,130,87,19,11,21,13,23,16,21,14,28,19,10,8,8,6,703,536,43,30,61,37,53,35,124,89,203,176,133,114,86,55,9,6,0,0,4,3,1,0,2,2,2,1,0,0,0,0,16,9,4,1,3,3,3,1,5,3,0,0,1,1,0,0,2623,1975,273,151,301,193,310,207,522,395,598,513,410,360,209,156,500,295,89,34,79,41,89,47,107,68,81,66,44,32,11,7,6,6,2,2,0,0,1,1,0,0,1,1,2,2,0,0,1256,1034,116,73,132,96,139,106,263,219,282,249,220,203,104,88,118,75,24,10,12,8,13,7,23,13,25,22,17,11,4,4,451,343,25,6,35,20,35,22,60,46,135,117,97,82,64,50,13,7,0,0,1,1,3,1,4,2,4,2,1,1,0,0,22,14,3,2,6,3,4,2,3,3,6,4,0,0,0,0,2424,1787,290,126,257,152,283,192,408,300,584,508,413,356,189,153,472,277,93,31,72,29,76,47,83,52,83,64,47,39,18,15,4,2,1,0,0,0,2,2,0,0,0,0,0,0,1,0,1337,1065,143,77,130,90,150,111,235,184,328,296,249,223,102,84,257,166,47,23,36,22,36,23,44,27,53,41,28,19,13,11,1176,894,72,39,101,60,88,57,189,138,341,295,232,197,153,108,22,13,0,0,5,4,4,1,6,4,6,3,1,1,0,0,39,24,7,3,10,7,7,3,8,6,6,4,1,1,0,0,610,302,580,358,602,405,944,702,1193,1028,830,721,403,314,1007,587,200,72,157,71,168,97,193,121,168,132,91,71,30,23,11,9,4,3,0,0,3,3,0,0,1,1,2,2,1,0,2640,2131,279,162,269,193,295,220,504,406,614,548,473,430,206,172
26,118,95,20,15,14,11,16,9,31,24,17,17,15,15,5,4,1834,1662,198,156,257,228,274,242,397,366,445,422,191,185,72,63,17,14,4,4,7,7,3,1,3,2,0,0,0,0,0,0,27,21,8,5,10,7,3,3,5,5,1,1,0,0,0,0,4271,3744,474,329,562,468,599,514,944,852,986,927,498,472,208,182,895,710,164,96,183,138,160,135,174,147,161,148,47,40,6,6,15,8,5,3,2,2,2,0,5,3,1,0,0,0,0,0,1365,1234,75,50,89,75,141,124,329,305,361,339,245,232,125,109,184,146,31,15,20,16,40,34,33,32,35,27,22,19,3,3,1513,1338,164,116,190,153,199,173,288,265,386,359,191,182,95,90,32,27,3,3,5,3,8,8,9,6,3,3,4,4,0,0,44,37,4,4,8,5,7,5,13,12,9,8,3,3,0,0,4622,3960,477,302,590,449,626,525,998,898,1096,1018,553,508,282,260,1229,995,173,103,221,156,216,175,263,242,244,221,82,71,30,27,17,12,5,2,4,3,1,0,6,6,1,1,0,0,0,0,1599,1401,96,58,140,111,155,130,385,334,418,399,251,229,154,140,331,263,59,33,41,34,59,46,68,59,55,46,40,37,9,8,3541,3172,397,296,487,416,500,442,715,658,878,826,396,380,168,154,54,42,8,7,14,11,12,9,13,8,3,3,4,4,0,0,78,63,14,9,21,15,10,8,18,17,12,11,3,3,0,0,1078,712,1254,1008,1292,1102,2035,1829,2198,2056,1084,1011,507,459,2287,1840,394,237,441,329,395,328,458,405,430,393,133,115,36,33,34,22,11,6,6,5,4,1,11,9,2,1,0,0,0,0,3117,2769,193,122,242,196,312,268,750,671,818,776,508,472,294,264
27,2064,1477,523,306,328,203,266,196,403,318,322,274,131,115,91,65,52662,41645,10275,6951,8465,6207,7211,5667,8955,7468,9407,8326,4995,4401,3354,2625,444,320,124,76,98,72,75,53,68,50,51,45,10,9,18,15,437,294,154,87,107,72,57,43,58,42,46,37,10,10,5,3,97764,73974,20025,12107,15592,10605,13373,10148,16863,13747,16338,14298,9098,8017,6475,5052,21477,13954,6501,3329,4270,2621,3139,2191,3279,2433,2483,1986,1143,932,662,462,360,182,168,78,77,42,49,29,35,17,20,12,8,2,3,2,20230,16048,2273,1276,2235,1383,2560,1962,4044,3407,3986,3600,2795,2542,2337,1878,2241,1497,562,284,374,219,304,191,431,332,338,279,154,128,78,64,39166,28684,7600,4386,6215,3902,5445,3950,6736,5283,7175,6142,3791,3296,2204,1725,547,372,109,57,127,78,103,73,88,70,86,67,23,21,11,6,719,507,237,131,158,112,103,74,95,85,84,69,30,28,12,8,84187,60176,17192,8903,13063,7900,11525,8264,14766,11606,14874,12657,8084,7094,4683,3752,20278,12572,5913,2596,3744,2125,2866,1922,3060,2239,2841,2245,1263,1031,591,414,247,106,115,42,44,16,37,21,27,12,9,7,8,5,7,3,20874,16364,2639,1398,2387,1439,2644,2019,4307,3571,4320,3833,2803,2575,1774,1529,4456,3073,1172,638,724,436,586,401,850,663,666,559,287,245,171,131,93550,71576,18678,11867,15000,10368,12860,9774,15860,12885,16709,14559,8853,7749,5590,4374,1016,713,246,143,230,154,181,129,159,123,137,112,34,31,29,21,1195,828,414,231,272,189,164,121,155,129,133,109,40,38,17,11,39087,22110,29379,19019,25345,18745,32061,25678,31490,27159,17321,15213,11223,8847,43174,27346,13113,6282,8281,4906,6154,4210,6499,4783,5412,4291,2443,1986,1272,888,625,296,296,124,123,59,89,53,62,29,29,19,16,7,10,5,41685,32811,5144,2812,4723,2893,5272,4036,8433,7040,8360,7477,5630,5141,4123,3412
28,1099,850,228,140,196,151,156,118,216,181,165,143,86,75,52,42,19633,16888,2826,2144,2668,2190,2787,2382,3461,3050,4065,3752,2309,2121,1517,1249,274,213,60,37,57,40,56,48,51,43,39,36,7,7,4,2,204,162,45,34,40,34,45,37,41,32,21,18,8,3,4,4,38220,31841,5725,4009,5411,4239,5557,4572,6989,6029,7250,6591,4391,4015,2897,2386,8206,6120,1882,1157,1603,1163,1386,1056,1428,1141,1091,919,560,486,256,198,109,69,45,27,18,8,16,11,22,17,6,4,2,2,0,0,8542,7417,623,456,802,633,1086,905,1732,1533,1841,1700,1401,1305,1057,885,1099,834,234,142,190,139,174,138,205,154,169,153,78,70,49,38,14327,11871,2026,1362,1888,1450,1915,1600,2530,2150,3143,2826,1824,1644,1001,839,346,236,63,27,87,48,75,62,52,40,51,46,15,11,3,2,362,293,99,67,83,70,46,39,65,57,47,41,16,14,6,5,34193,27513,5242,3260,4674,3388,4881,3962,6347,5300,6750,6005,4095,3731,2204,1867,8565,6294,1970,1106,1505,1023,1421,1096,1405,1118,1290,1098,704,628,270,225,89,49,30,16,22,11,11,7,10,4,10,7,5,3,1,1,9181,7760,809,532,870,631,1199,985,2038,1746,1983,1785,1426,1337,856,744,2317,1773,509,314,404,304,346,267,436,347,344,306,173,153,105,82,35689,30151,5361,3862,4816,3846,4942,4189,6227,5398,7448,6794,4281,3899,2614,2163,641,462,130,66,149,92,133,111,106,86,90,82,26,21,7,4,590,474,157,109,127,108,93,78,111,94,68,59,24,17,10,9,12148,8013,10640,8033,10950,8940,13835,11736,14463,13009,8789,8015,5305,4413,17879,13129,4294,2496,3304,2319,2978,2273,2967,2354,2479,2099,1309,1151,548,437,207,122,84,47,40,19,27,18,32,21,16,11,7,5,1,1,18418,15743,1586,1097,1739,1306,2364,1954,3874,3372,3936,3587,2924,2729,1995,1698
29,1114,833,170,95,161,101,153,112,228,184,232,200,118,100,52,41,14226,12376,1400,992,1776,1421,1631,1390,2654,2352,3871,3595,1978,1858,916,768,382,301,57,37,69,45,78,63,71,62,78,72,22,19,7,3,278,220,55,36,65,48,52,42,50,42,41,37,11,11,4,4,34448,28796,3625,2269,4299,3176,4162,3378,6546,5624,8410,7690,4860,4501,2546,2158,1026,708,248,136,234,143,139,95,172,135,155,124,57,55,21,20,93,49,32,16,24,12,11,3,12,6,11,9,3,3,0,0,11520,10044,765,492,942,738,1179,988,2260,1999,2869,2654,2172,2024,1333,1149,1191,866,206,107,181,107,173,125,240,194,219,184,117,106,55,43,9799,8295,1075,683,1341,987,1188,989,1423,1227,2695,2492,1490,1404,587,513,392,296,37,19,84,47,82,65,62,52,82,74,36,34,9,5,507,382,105,60,99,70,73,53,81,69,102,91,32,26,15,13,31556,25616,3640,2047,4195,2839,3994,3144,5401,4549,7547,6820,4772,4418,2007,1799,1167,790,266,133,277,171,160,104,160,127,190,161,89,71,25,23,78,37,25,6,26,11,11,6,5,4,9,9,2,1,0,0,11716,10084,893,576,998,716,1217,990,2274,1974,2880,2625,2322,2164,1132,1039,2365,1738,399,216,356,218,333,240,477,385,457,389,236,206,107,84,24619,21130,2669,1797,3266,2526,2891,2441,4148,3641,6635,6146,3494,3286,1516,1293,793,610,99,59,159,96,164,132,135,116,162,146,58,53,16,8,805,617,169,102,170,124,127,96,131,111,146,130,43,37,19,17,7794,4622,8823,6259,8337,6659,12125,10330,16141,14661,9688,8972,4585,3982,2258,1538,544,283,530,328,304,203,339,269,349,286,146,126,46,43,177,89,61,24,50,23,22,9,19,11,20,18,5,4,0,0,23583,20399,1772,1143,1979,1485,2432,2004,4592,4027,5810,5331,4516,4210,2482,2199
30,17474,12820,5247,3293,2843,2009,2650,2017,2971,2353,2078,1732,1055,908,630,508,265386,214142,62207,43876,40001,31379,38447,31686,43606,36817,41401,36244,23917,21199,15807,12941,,1470,677,444,504,356,338,269,274,218,152,122,55,48,16,13,4186,2998,1581,990,1008,738,622,451,542,440,310,278,91,81,32,20,709568,561507,145648,94589,102635,76920,109983,88520,131463,110486,108927,95094,67006,59673,43906,36225,156858,110670,44777,25961,30717,21523,27693,20756,24500,18990,16969,13703,8105,6616,4097,3121,1837,1014,854,408,357,217,274,157,184,115,113,75,42,33,13,9,260435,217381,30072,19484,27000,20555,39720,33007,59112,51338,47683,42748,33605,30689,23243,19560,18917,13344,5521,3226,3279,2268,3116,2323,3321,2555,2115,1664,1041,879,524,429,204981,157379,48934,30661,31019,22602,29288,23149,35045,28739,32869,28298,17953,15734,9873,8196,2739,1924,778,458,701,473,519,395,398,310,244,202,74,67,25,19,8106,5930,2639,1590,1861,1368,1384,1078,1150,969,752,648,261,227,59,50,678695,518431,140495,82453,99300,70491,105784,82383,132157,108832,105977,91405,61724,54710,33258,28157,168557,115723,46785,24592,32441,21984,29315,21547,26993,20750,19322,15719,9585,7937,4116,3194,1565,766,646,235,300,150,217,117,177,112,154,102,49,37,22,13,271686,221889,34799,21498,29342,21421,41564,33526,64636,55059,50195,44503,32603,29698,18547,16184,40247,28798,12004,7280,6779,4730,6351,4733,6861,5315,4629,3729,2329,1965,1294,1046,523810,411268,123863,82729,79552,60129,76043,61138,87219,72309,82272,71032,46701,40895,28160,23036,5207,3703,1622,999,1307,902,933,721,727,576,432,348,139,123,47,34,13314,9596,4648,2806,3097,2271,2148,1634,1807,1504,1128,975,384,329,102,77,319342,196566,225592,163703,242085,190023,291724,240831,238635,205030,144020,126594,85175,70400,375103,258681,102861,56419,71575,48929,66181,48578,59872,45673,42800,34015,21702,17458,10112,7609,3928,2049,1668,710,773,426,566,317,437,268,325,214,111,82,48,32,581070,476328,71980,45269,61897,45924,89170,72427,134022,114582,106439,94209,72325,65485,45237,38432
31,2770,2131,603,364,521,406,517,403,443,362,403,349,176,156,107,91,35294,31095,4486,3107,4248,3585,5007,4400,6071,5542,7528,7130,4994,4777,2960,2554,407,283,131,68,99,72,76,52,53,46,34,32,12,11,2,2,1108,731,524,247,250,197,126,102,111,99,70,61,21,19,6,6,107233,90883,15606,9630,14320,11413,16994,14497,20042,18001,19449,18193,13200,12486,7622,6663,21425,16047,4906,2617,4045,2942,3877,3049,3573,3014,2738,2435,1556,1384,730,606,225,132,91,39,54,34,23,16,30,20,23,20,2,1,2,2,45674,40196,4827,3168,5057,4145,7318,6432,9697,8863,8587,8104,6396,6098,3792,3386,2942,2247,601,339,555,413,601,488,504,417,396,339,203,180,82,71,23903,20485,3355,2081,2750,2198,3357,2873,3964,3531,5077,4754,3542,3382,1858,1666,454,343,139,68,91,72,94,82,71,66,45,42,14,13,0,0,1997,1327,954,453,385,303,270,231,200,173,124,113,49,44,15,10,101477,84140,16275,9119,13312,10297,16305,13810,19650,17392,17762,16522,12088,11485,6085,5515,23215,17357,5299,2572,4051,2909,4091,3290,3954,3357,3267,2928,1828,1664,725,637,180,90,70,26,34,16,28,15,29,17,16,14,3,2,0,0,48326,41927,5779,3543,5370,4323,7773,6755,10860,9773,8764,8269,6395,6151,3385,3113,6222,4750,1362,794,1175,894,1221,965,1012,832,849,735,407,362,196,168,64241,55647,8946,5883,7782,6395,9235,8013,10852,9797,13325,12527,9026,8601,5075,4431,931,671,298,150,207,156,184,144,134,120,80,75,26,24,2,2,3360,2215,1641,778,673,532,420,354,329,288,200,179,75,68,22,16,35992,21027,30373,23815,36259,30750,42478,37796,39227,36523,26698,25249,14452,12811,49234,36566,11571,5836,8959,6481,8898,7073,8207,6901,6395,5693,3639,3255,1565,1327,461,254,195,80,93,54,58,35,64,41,43,38,5,3,3,3,100171,87186,11844,7437,11352,9201,16092,14042,21739,19697,18186,17142,13415,12840,7543,6827
32,172,136,21,5,21,17,21,15,38,35,45,38,17,17,9,9,1542,1368,109,84,122,98,99,77,260,240,512,469,275,255,165,145,20,16,1,0,6,4,5,4,4,4,4,4,0,0,0,0,40,34,4,2,6,5,6,5,11,10,9,8,3,3,1,1,4370,3807,311,199,384,288,385,301,888,793,1244,1147,772,729,386,350,696,544,89,51,102,63,101,72,148,126,173,159,62,57,21,16,12,7,3,2,4,2,2,1,1,1,2,1,0,0,0,0,1888,1702,84,55,123,99,151,127,426,377,499,468,415,397,190,179,215,185,19,12,20,15,34,29,43,37,59,55,30,29,10,8,1195,1056,74,45,86,70,70,54,168,145,431,404,252,231,114,107,19,16,3,2,3,2,5,4,2,2,5,5,1,1,0,0,45,38,6,3,4,3,6,6,10,8,13,12,6,6,0,0,4274,3738,293,170,365,268,393,326,739,647,1230,1157,893,840,361,330,768,622,92,46,105,65,100,82,121,105,203,187,112,105,35,32,8,5,2,1,1,0,0,0,0,0,4,3,1,1,0,0,2023,1815,97,61,146,113,178,151,394,349,515,491,491,467,202,183,566,444,87,37,66,51,78,60,109,94,140,120,65,63,21,19,3580,3123,322,215,298,238,255,200,562,502,1183,1091,644,593,316,284,60,45,8,4,14,7,15,12,10,9,11,11,1,1,1,1,126,103,21,13,19,15,16,14,30,24,29,26,10,10,1,1,1282,737,1179,844,1138,908,2139,1872,3194,2943,2040,1920,844,765,2264,1678,429,202,360,216,295,217,381,322,508,458,223,204,68,59,37,20,12,5,9,4,4,2,1,1,8,5,3,3,0,0,5182,4575,403,261,413,313,475,403,1045,919,1315,1232,1094,1046,437,401
33,13965,9796,3827,2137,2353,1566,2068,1496,2285,1761,1855,1526,1057,900,520,410,199387,153468,43348,27265,30082,22006,29767,23186,32964,26927,32240,27696,19393,16967,11593,9421,1201,823,457,283,278,171,171,122,153,122,100,88,30,28,12,9,2546,1747,976,552,616,442,371,285,296,225,199,166,67,57,21,20,490901,366259,102827,57573,76749,53013,75223,57131,84711,68646,75334,64655,47605,41880,28452,23361,101016,64763,29651,14291,20827,13112,16782,11654,14528,10609,10939,8601,5630,4540,2659,1956,1767,853,884,348,384,205,214,120,153,97,94,61,32,21,6,1,168796,133293,23292,12508,21874,15316,25481,20008,33910,28591,29557,26240,21176,19194,13506,11436,15601,10717,4163,2076,2663,1724,2388,1717,2607,2002,2056,1728,1199,1043,525,427,157778,115331,34173,18207,21309,13990,22439,16629,28817,22930,27009,22963,15773,13773,8258,6839,1478,970,452,230,385,247,229,168,188,143,167,135,50,41,7,6,4240,2955,1452,818,1003,710,676,515,514,416,394,346,154,114,47,36,451318,324379,96303,47206,66555,43013,68181,50461,82991,65983,70500,59894,43782,38441,23006,19381,97534,60761,28420,12086,18277,10980,15803,10819,14988,10943,11306,8888,6129,4979,2611,2066,1475,583,776,214,266,118,212,114,118,61,73,55,26,19,4,2,170390,131121,26386,13371,22185,14963,25948,8,35284,29141,29041,25393,20153,18212,11393,9873,32302,22212,8990,4692,5509,3595,4859,3474,5271,4038,4151,3450,2417,2076,1105,887,389132,291063,86645,50589,56505,39410,57074,43280,66681,53616,63428,54079,37651,32794,21148,17295,2952,1961,1035,575,719,454,438,317,365,284,284,237,90,77,21,17,7380,5078,2684,1505,1761,1249,1133,859,865,681,629,541,235,182,73,61,223493,116871,157292,104844,156113,116468,180384,144291,155843,132524,97577,85376,54712,45308,219637,137527,65449,29516,43174,26428,35975,24649,32308,23490,24241,18877,12798,10262,5692,4305,3604,1575,1867,626,717,347,467,261,289,166,188,130,64,42,12,3,364921,282528,55853,28942,48028,32839,55239,42989,73644,61307,62043,54486,43769,39482,26345,22483
34,10273,7337,2615,1528,1933,1341,1593,1128,1820,1424,1361,1118,606,527,345,271,175742,140819,31312,20976,28086,21077,26699,21353,31116,26070,31311,27945,16287,14617,10931,8781,1620,1171,406,246,429,296,326,249,234,190,167,143,39,35,19,12,2325,1670,785,497,672,491,355,284,290,215,159,129,49,42,15,12,366492,279083,69099,41092,61844,43122,57138,43665,66310,54127,59204,51844,31806,28314,21091,16919,77439,50631,21003,10758,17895,11312,13154,9123,11837,8727,8422,6708,3434,2783,1694,1220,2455,938,1023,318,534,209,347,138,309,132,178,100,41,27,23,14,96166,76216,11865,6731,12236,8356,14586,11346,20604,17307,17518,15622,11312,10257,8045,6597,11261,7678,2704,1415,2282,1444,1982,1404,2050,1544,1368,1133,599,506,276,232,126822,95891,23629,13820,20619,14096,19223,14591,22990,18319,22350,19466,11260,10028,6751,5571,1932,1293,422,210,508,302,417,301,292,232,220,188,62,52,11,8,4061,3028,1199,741,1090,813,755,611,517,432,366,316,101,90,33,25,329061,240660,63810,33749,56128,36790,53062,39456,61833,49117,52416,45205,26967,23957,14845,12386,79452,51684,20860,9971,17408,10800,13961,9719,12451,9280,9273,7458,3898,3230,1601,1226,2042,703,827,199,444,135,294,107,251,120,171,104,37,24,18,14,102681,79843,14028,7329,13632,9105,16287,12629,23108,19063,18554,16451,10951,9982,6121,5284,23794,16458,6073,3351,4701,3098,3948,2774,4170,3185,2933,2405,1309,1116,660,529,339260,262544,64735,40479,56090,40151,52082,40491,59492,48557,58089,51064,29758,26462,19014,15340,3893,2683,940,515,1030,661,803,593,563,448,418,354,108,92,31,20,6914,5084,2202,1380,1929,1428,1184,955,837,674,552,469,160,139,50,39,154449,85879,134100,90110,123449,92476,139987,112118,120685,104226,63592,56063,38676,31272,179617,115514,48812,23771,40487,25154,31071,21427,27353,20098,19768,15626,8344,6708,3782,2730,5212,1879,2201,600,1126,402,737,276,620,282,388,228,91,60,49,31,214849,167077,29233,15672,28507,19068,33378,25811,46664,38674,38318,33902,23717,21407,15032,12543
35,356,277,89,61,60,44,65,51,76,64,37,34,21,17,8,6,7455,6179,1379,979,1167,916,1158,965,1427,1240,1295,1172,640,585,389,322,45,34,14,10,10,7,8,8,5,2,4,4,3,2,1,1,62,39,30,11,12,10,8,7,7,6,3,3,2,2,0,0,14320,11581,2677,1741,2301,1751,2312,1888,2878,2483,2312,2092,1183,1080,657,546,2712,1890,782,433,612,422,471,340,449,364,273,228,88,72,37,31,36,19,16,7,6,3,8,5,5,3,1,1,0,0,0,0,3643,3136,366,239,434,349,592,511,905,802,696,648,428,401,222,186,395,303,99,56,62,49,67,55,77,65,56,49,21,17,13,12,5411,4235,1056,635,747,525,816,641,1059,892,971,861,516,469,246,212,67,45,22,8,17,14,8,7,12,9,4,3,4,4,0,0,111,89,37,26,24,22,21,15,14,13,13,11,2,2,0,0,12945,10082,2486,1425,1914,1379,2037,1595,2651,2240,2205,1963,1122,1027,530,453,2843,1911,743,367,588,384,490,337,483,385,351,288,136,114,52,36,29,13,14,3,4,3,2,1,5,3,3,2,1,1,0,0,4069,3473,510,329,468,379,631,537,994,868,806,748,441,419,219,193,776,600,200,126,127,97,133,107,155,130,96,86,43,35,22,19,13272,10730,2595,1726,1985,1501,2015,1633,2532,2173,2309,2070,1191,1086,645,541,116,80,40,19,27,21,16,15,17,11,8,7,7,6,1,1,183,136,72,41,39,34,30,23,22,20,16,14,4,4,0,0,5573,3414,4368,3250,4455,3557,5636,4817,4594,4122,2364,2162,1204,1013,5825,3956,1665,864,1246,836,996,698,966,777,633,523,228,189,91,69,75,36,35,11,14,9,11,6,10,6,4,3,1,1,0,0,7914,6775,960,625,925,748,1250,1072,1922,1692,1524,1416,888,839,445,383
36,14823,10178,4527,2515,2781,1804,2248,1615,2428,1881,1660,1400,791,668,388,295,207680,161513,45520,29709,32696,23955,32385,25550,37018,30728,33483,29109,17253,15047,9325,7415,1337,911,467,260,337,236,181,135,180,139,132,108,33,27,7,6,2558,1749,1059,639,625,435,325,234,315,251,176,144,42,31,16,15,476952,353985,108724,61832,79393,54647,74502,57037,86420,70854,71625,61833,36568,3,19720,15766,102953,63496,32962,15538,22107,13541,16917,11529,14997,10737,10138,7770,4120,3213,1712,1168,2089,982,1032,393,433,227,283,152,212,119,95,68,26,19,8,4,143557,113888,22560,12470,20050,14221,21876,17625,30925,26739,25713,23060,14210,12937,8223,6836,15499,10328,4773,2437,2752,1695,2309,1633,2523,1957,1904,1565,907,773,331,268,146677,108122,33690,19155,21456,14507,21295,15958,26876,21463,24816,21283,12610,10970,5934,4786,1564,1033,495,278,442,280,228,165,200,151,148,119,33,24,18,16,3802,2646,1384,788,910,662,608,462,434,347,334,279,101,83,31,25,405179,289698,95256,48352,64419,41811,61187,45436,74890,60023,63302,54416,32001,28030,14124,11630,93547,56354,30128,12724,18539,10915,14900,10088,13877,9923,10258,8101,4419,3561,1426,1042,1664,703,848,262,322,144,182,109,159,85,115,83,28,13,10,7,140037,108898,23229,12310,19534,13323,21298,16756,30404,25784,25464,22781,13778,12497,6330,5447,31574,21252,9998,5331,5737,3632,4714,3342,5052,3909,3619,3008,1722,1459,732,571,366281,277418,84922,52210,56319,39939,55157,42545,64974,52975,59108,51018,30291,26347,15510,12384,3029,2026,1031,577,805,534,425,312,391,297,284,231,68,53,25,22,6613,4554,2592,1508,1593,1137,954,715,762,608,518,430,147,116,47,40,218561,117515,149571,100060,139494,105069,164132,132833,136878,117719,69608,60832,34409,27810,206228,124935,67720,30204,42656,25609,33152,22495,29770,21222,20921,16211,8778,6928,3231,2266,3983,1766,2044,706,791,389,477,266,381,208,216,154,56,32,18,11,290401,226872,48850,26212,40807,28285,43938,34915,62013,53022,51709,46278,28324,25711,14760,12449
37,26140,20050,7272,4670,4802,3618,3843,3082,4351,3632,3202,2755,1597,1407,1073,886,342681,290389,69547,51122,57785,47901,52071,45178,57073,50587,56974,52070,29335,26695,19896,16836,2969,2216,848,536,730,537,563,457,454,378,273,229,77,67,24,12,5329,3906,1849,1164,1387,1026,815,657,689,567,397,332,143,124,49,36,848607,694351,167206,111583,142499,111751,131127,110272,151074,131482,133808,120694,72872,66209,50021,42360,221773,162368,60353,35124,49203,35817,37308,29508,33332,26985,24746,20973,11108,9478,5723,4483,2445,1439,1090,537,544,327,322,234,261,178,154,109,55,42,19,12,245472,212580,26092,18351,27865,22400,35893,30916,54484,48803,47663,43887,30373,28232,23102,19991,27592,20341,7596,4534,5323,3758,4483,3451,4526,3736,3206,2741,1570,1377,888,744,255611,207416,51616,34631,43865,34152,39460,32708,44023,37555,42166,37698,21389,19383,13092,11289,3818,2730,986,566,994,656,771,622,523,437,405,335,106,89,33,25,9346,7070,2790,1777,2490,1913,1646,1323,1178,990,830,712,312,274,100,81,786966,620662,153935,93430,133543,98893,126117,101884,146266,124194,123840,109948,65273,59189,37992,33124,229710,162995,59870,31577,49465,34387,40057,30873,35783,28511,26952,22722,12315,10592,5268,4333,1941,1008,791,308,371,206,314,175,202,122,192,142,59,46,12,9,256409,217197,30018,19883,30702,23609,38860,32383,59514,52426,49555,45144,29299,27226,18461,16526,55408,41617,15694,9757,10480,7641,8554,6718,9007,7477,6493,5566,3204,2817,1976,1641,615067,510973,128431,91017,105440,85174,93602,79605,102554,89325,100220,90703,51354,46620,33466,28529,7015,5117,1951,1183,1781,1240,1363,1103,989,825,684,569,190,160,57,37,15142,11320,4896,3114,4009,3047,2507,2014,1884,1571,1236,1053,459,402,151,119,338273,216603,285646,218109,263282,217011,301305,258907,260422,232956,139821,126827,89257,76518,466540,335694,126437,70463,102354,72855,79781,62209,70455,56535,52484,44277,23836,20396,11193,8959,4577,2552,1983,898,958,557,658,422,481,310,348,253,117,91,32,21,509891,436327,58446,39929,60102,47253,75976,64349,114986,102093,98018,89737,60254,55975,42109,36991
38,3893,2970,1125,818,948,728,629,494,482,378,373,289,188,152,148,111,145454,124186,31879,25754,33505,28850,22705,19759,19453,17030,18816,16878,11037,9785,8059,6130,1737,1383,240,164,392,287,458,380,339,297,202,177,79,62,27,16,863,622,318,206,264,198,126,99,75,59,52,37,20,18,8,5,233244,191646,50401,38551,54372,45096,37249,31506,31204,26425,29099,25229,17391,14868,13528,9971,64241,49014,14584,10090,16671,13089,11026,8954,8267,6519,6930,5499,3844,2942,2919,1921,639,388,159,72,150,91,117,79,79,54,88,59,31,25,15,8,15996,12790,2042,1415,2355,1798,2096,1673,2438,2036,2577,2242,2165,1863,2323,1763,4549,3265,1170,759,1221,878,777,579,668,511,415,316,183,143,115,79,133599,110521,25373,19478,29843,24869,23209,19611,22295,18663,18259,15703,9059,7902,5561,4295,2842,2193,295,188,606,424,812,652,610,499,341,289,141,118,37,23,2042,1509,579,407,677,492,351,268,207,162,132,104,63,53,33,23,243803,193461,47647,34109,57204,45762,43408,35396,38460,31269,30705,25579,15943,13498,10436,7848,79040,59044,17060,11182,21376,16510,14810,11587,10852,8355,8178,6329,4055,3221,2709,1860,643,374,137,67,126,60,113,67,120,74,81,62,46,33,20,11,20540,16159,2962,1991,3239,2450,3215,2539,3609,2927,3232,2724,2352,1993,1931,1535,9059,6648,2561,1752,2329,1722,1489,1128,1183,911,829,626,388,307,280,202,296611,247884,63925,50177,67844,57352,47786,40766,43094,36641,38513,33620,21051,18395,14398,10933,4740,3674,603,390,1043,745,1295,1044,961,804,550,470,223,182,65,39,3107,2248,994,663,1008,738,495,378,293,226,191,143,85,72,41,28,110134,80798,120196,97309,84915,69818,73037,59853,63963,53378,35959,30120,25696,18889,159606,118014,36099,23884,41530,31961,27868,21832,20870,15912,17524,13172,9333,7042,6382,4211,1406,820,339,158,296,164,247,151,213,132,186,131,87,64,38,20,38207,30137,5463,3696,5922,4484,5501,4350,6231,5091,5984,5108,4684,3992,4422,3416
39,3641,2401,925,464,647,387,534,361,635,456,503,403,272,230,125,100,72202,53509,14016,8410,11445,7643,11181,8350,12623,9959,11908,10171,6687,5710,4342,3266,382,236,135,63,90,57,66,47,54,38,27,23,6,5,4,3,753,511,259,154,195,138,126,87,88,62,59,51,16,11,10,8,155030,110506,31670,16960,25707,16179,24399,17526,27637,21539,23572,20006,13503,11661,8542,6635,30312,18012,9725,4464,6530,3811,5037,3260,4370,3008,2850,2162,1243,937,557,370,566,251,268,117,130,50,63,27,61,35,31,15,6,5,7,2,46826,35344,6314,3274,6613,4059,7323,5346,9727,7927,8121,7122,5239,4735,3489,2881,4123,2645,1040,478,702,394,670,455,767,551,554,441,271,232,119,94,56017,37938,11152,5508,8609,4784,8657,5836,10369,7752,9388,7719,5098,4261,2744,2078,510,283,165,72,123,59,93,63,80,50,38,30,10,8,1,1,1202,844,413,226,289,207,209,171,137,106,113,95,35,34,6,5,141409,95560,29723,13866,22873,12907,22205,15283,26715,20265,22116,18378,11835,10165,5942,4696,29681,17090,9342,3792,5925,3226,4825,3094,4521,3106,3224,2454,1363,1073,481,345,459,189,196,64,76,35,65,23,66,31,34,24,16,8,6,4,48855,36207,7350,3698,7060,4164,7598,5579,10643,8571,8660,7534,4988,4507,2556,2154,8541,5511,2227,1068,1508,865,1337,906,1523,1095,1116,886,578,489,252,202,143888,101590,29269,16070,23191,14273,22524,16057,25291,19350,23114,19280,12843,10818,7656,5742,991,577,339,152,236,129,176,126,142,92,76,60,16,13,6,5,2114,1441,749,414,517,367,355,269,238,176,182,153,55,47,18,15,70777,35224,55346,32824,52404,36696,59370,45372,49288,41055,27459,23487,15588,12114,68758,39835,22054,9458,14366,8069,11452,7355,9983,6837,6773,5075,2946,2238,1184,803,1193,499,539,210,247,97,148,58,148,70,71,42,27,16,13,6,103717,76651,15488,7807,15113,8940,16232,11800,21811,17585,17755,15408,10901,9792,6417,5319
40,2441,1886,635,428,416,315,304,216,466,383,367,317,166,149,87,78,33754,29568,5708,4350,4115,3459,3721,3204,5651,5090,7971,7467,4132,3876,2456,2122,481,387,78,55,93,68,91,75,86,80,85,69,37,31,11,9,548,419,151,107,152,113,82,63,78,65,53,44,22,19,10,8,86237,72628,14478,9977,11505,9061,10447,8619,15639,13732,17966,16563,9919,9232,6283,5444,17118,12842,4095,2541,3307,2396,2534,1897,2886,2306,2599,2256,1182,1038,515,408,160,91,56,26,35,20,18,11,28,17,19,13,4,4,0,0,30991,26841,3628,2392,3270,2606,3610,3086,6316,5681,6732,6270,4284,4031,3151,2775,2562,1910,671,394,409,291,344,261,426,344,454,387,173,156,85,77,23995,20147,4574,3230,2996,2283,2719,2233,3621,3123,5558,5117,2999,2812,1528,1349,577,440,100,60,110,70,121,90,103,89,95,86,39,36,9,9,1020,810,329,222,242,192,131,116,131,114,131,118,43,37,13,11,78660,63923,15201,9440,10665,7894,9667,7840,13324,11426,16081,14687,9117,8539,4605,4097,18143,13386,4777,2695,3260,2304,2550,1939,2770,2242,2873,2509,1412,1273,501,424,181,104,44,16,32,12,27,13,26,20,42,36,8,5,2,2,31147,26323,4538,2724,3440,2627,3643,3082,6092,5370,6703,6238,4318,4104,2413,2178,5177,3928,1414,897,855,632,663,487,902,737,829,712,341,307,173,156,59048,50758,10999,8109,7353,5951,6560,5543,9381,8310,13601,12652,7159,6713,3995,3480,1084,844,191,123,210,142,215,168,190,170,181,155,77,68,20,18,1636,1284,522,362,409,318,217,182,214,183,186,164,65,56,23,19,31667,20728,22798,17456,20450,16729,29249,25400,34240,31426,19114,17839,10917,9565,36315,26918,9476,5594,6753,4831,5189,3909,5734,4610,5527,4811,2613,2326,1023,837,352,205,110,51,68,33,45,24,54,37,61,49,12,9,2,2,63018,53790,8645,5405,6852,5345,7339,6240,12489,11119,13489,12559,8630,8160,5574,4962
41,3502,2705,785,518,543,409,567,433,725,602,466,394,256,219,160,130,105585,89022,17379,12909,16050,13129,16546,14285,18921,16579,18249,16342,10562,9428,7878,6350,818,632,160,99,182,125,141,117,167,145,113,101,34,29,21,16,654,488,235,139,142,112,104,88,93,80,44,38,27,23,9,8,183535,149393,30048,20769,28031,21969,29729,24832,34135,29100,30103,26278,17948,15758,13541,10687,44201,32839,9273,5665,8701,6406,8436,6675,8106,6486,5656,4525,2664,2126,1365,956,388,226,139,72,80,48,59,41,55,33,37,22,11,6,7,4,28097,23248,2041,1346,2295,1710,3828,3155,6003,5119,5488,4812,4358,3894,4084,3212,4054,2960,905,546,651,430,767,596,780,612,547,439,265,225,139,112,79749,64009,13632,9089,12448,9531,12746,10495,14740,12371,14050,12244,7405,6488,4728,3791,1105,818,191,107,221,153,230,173,244,195,144,124,59,55,16,11,1509,1148,422,254,342,257,269,224,230,199,162,141,67,59,17,14,172136,133781,29227,18099,27245,19995,29323,23469,33324,27356,28074,23891,15443,13354,9500,7617,51288,36959,10747,6023,10199,7237,10120,7832,9313,7280,6506,5194,3014,2400,1389,993,388,204,126,47,77,36,56,33,58,38,43,30,18,14,10,6,33588,27357,3133,1992,3232,2306,5053,4058,7885,6602,6541,5653,4568,4076,3176,2670,8299,6179,1908,1197,1352,946,1462,1127,1617,1297,1078,879,552,472,330,261,203036,166503,35111,24737,32100,25386,32466,27338,36503,31221,34455,30348,19157,16875,13244,10598,2077,1555,388,225,435,303,405,316,434,357,275,238,100,88,40,28,2326,1744,720,426,525,401,406,336,337,291,212,183,97,85,29,22,67127,43621,62614,47239,66267,53851,73729,61238,62805,53741,35968,31081,24482,19237,109460,79024,22862,13164,21749,15566,21563,16706,19814,15484,13776,10836,6498,5078,3198,2190,892,469,311,135,177,92,129,80,130,76,90,55,35,21,20,10,66073,53926,5707,3670,6149,4464,9691,7842,14744,12389,12773,11081,9436,8387,7573,6093
42,2439,1938,731,502,373,287,294,246,411,340,358,323,174,161,98,79,49824,44314,13256,10566,6203,5418,5730,5195,7667,7144,8674,8255,4961,4726,3333,3010,477,384,136,90,78,58,72,65,75,65,70,66,33,27,13,13,497,398,213,144,94,79,70,64,58,53,45,43,11,10,6,5,103805,89579,25674,18758,13193,11007,12378,10914,17059,15637,17103,16137,10523,10017,7875,7109,22677,17671,8019,5201,3921,3067,3027,2523,3191,2774,2587,2350,1173,1082,759,674,231,145,106,58,50,30,27,22,27,16,13,12,5,5,3,2,27125,24288,3130,2147,2411,2012,3084,2742,5533,5160,5245,4988,4105,3949,3617,3290,2575,1994,803,522,396,286,343,279,453,383,326,293,166,152,88,79,36409,31211,9639,6924,4433,3698,4214,3731,5543,5050,6801,6389,3724,3532,2055,1887,651,536,181,127,101,80,123,104,105,93,98,90,32,31,11,11,986,782,382,252,193,158,127,116,136,117,99,93,39,39,10,7,94291,78886,23856,15787,11874,9590,11267,9742,15835,14289,16231,15171,9464,9008,5764,5299,24180,18380,8718,5237,3959,3069,3028,2502,3364,2921,2963,2680,1464,1363,684,608,208,126,83,32,42,27,21,17,34,25,18,16,10,9,0,0,28534,25245,3945,2635,2642,2187,3323,2916,6049,5579,5758,5457,3960,3817,2857,2654,5404,4229,1687,1122,825,621,683,561,928,777,732,655,353,326,196,167,92579,80841,25299,19303,11548,9879,10626,9518,13990,12912,16281,15395,9143,8677,5692,5157,1212,994,345,240,192,150,211,183,193,170,176,164,69,61,26,26,1595,1262,649,428,310,256,208,189,205,179,154,146,53,52,16,12,54699,38057,27196,22325,25308,22076,34877,31705,35047,32887,21018,19978,14321,13002,50858,38920,18521,11493,8570,6664,6553,5432,7030,6090,5888,5334,2794,2578,1502,1329,481,292,213,100,96,59,53,44,64,41,35,30,16,15,4,3,58965,52364,7778,5250,5473,4547,6797,6002,12204,11316,11490,10899,8450,8138,6773,6212
43,7178,5595,1845,1213,1277,979,1239,1011,1298,1114,823,701,413,356,283,221,198056,171652,39814,30316,29659,25163,31026,27548,35048,31885,30697,28351,17273,15928,14539,12461,1362,1098,371,249,334,260,251,220,207,187,137,124,52,50,10,8,1667,1261,549,353,387,303,252,202,266,225,154,127,43,37,16,14,371290,309611,72902,50908,56579,45658,61901,53113,68800,60828,54374,49139,30846,28037,25888,21928,94709,72954,22184,14098,18671,14222,19423,15920,16641,13841,10400,8778,4836,4100,2554,1995,948,563,380,181,178,109,163,102,103,67,85,70,28,24,11,10,66885,56077,7700,4453,6019,4581,9456,8035,15139,13424,11981,10899,8154,7497,8436,7188,8624,6435,2242,1369,1554,1110,1508,1188,1644,1333,944,800,459,397,273,238,157844,131920,32654,22937,23915,19346,24834,21361,28988,25602,24943,22626,12819,11680,9691,8368,1915,1498,421,256,415,307,376,319,380,330,245,218,56,48,22,20,3646,2868,1002,666,850,686,641,525,590,502,355,312,156,139,52,38,368927,297651,73816,46978,55826,43012,62240,52022,72813,63166,55020,49031,28768,25893,20444,17549,112751,85411,26716,15754,21116,15694,22557,18352,20750,17327,13061,11108,5759,4920,2792,2256,886,474,324,123,181,101,123,74,126,82,92,71,26,15,14,8,82513,68420,10362,5815,7713,5701,12096,10115,20159,17835,15237,13766,9408,8621,7538,6567,18114,13729,4593,2879,3218,2360,3211,2575,3404,2816,2036,1716,1021,876,631,507,407218,344872,83145,60590,62092,51286,66077,57578,73257,65368,62252,56633,33739,30682,26656,22735,3670,2873,908,570,830,623,698,594,666,579,408,365,124,111,36,31,5829,4507,1752,1147,1334,1065,982,792,913,776,545,470,226,197,77,60,168318,111259,131518,102971,152985,128711,167795,145594,126527,112248,68997,61591,52269,43968,261751,198787,56532,34147,47900,35647,56283,45685,49545,40906,30079,25043,13978,11616,7434,5743,2211,1246,821,347,441,254,348,220,274,177,217,166,76,58,34,24,168233,139182,20386,11464,15554,11619,25164,21084,39429,34706,30730,27619,19685,17919,17285,14771
44,1417,1083,372,220,240,185,202,161,253,218,209,177,90,79,51,43,46998,40797,9875,7478,6415,5379,6614,5859,8037,7293,9503,8877,4285,3977,2269,1934,705,565,131,80,130,90,169,149,140,125,90,84,39,31,6,6,424,314,127,76,96,70,68,55,76,63,43,36,12,12,2,2,75744,63481,15701,11059,10874,8663,10826,9314,13235,11692,14234,13045,6862,6308,4012,3400,15466,11535,4275,2618,3039,2192,2490,2004,2491,2041,2023,1710,783,677,365,293,220,135,89,46,55,36,23,14,19,11,27,21,6,6,1,1,10249,8852,775,512,852,681,1219,1039,2177,1907,2288,2091,1628,1507,1310,1115,1799,1294,488,264,284,190,282,223,327,268,263,216,111,97,44,36,36143,30065,7752,5329,4801,3665,4905,4217,6065,5353,7979,7290,3381,3115,1260,1096,985,725,154,96,190,115,201,152,202,170,176,140,58,49,4,3,879,656,236,141,190,134,140,117,152,125,116,101,36,34,9,4,70856,56824,14826,9360,9888,7250,10070,8359,12670,10862,14271,12812,6412,5845,2719,2336,17956,13126,4810,2646,3216,2266,2945,2350,3002,2449,2657,2277,1004,879,322,259,223,131,61,21,40,20,34,23,34,22,39,34,11,7,4,4,12357,10424,1216,795,1084,801,1500,1225,2807,2406,2924,2654,1764,1621,1062,922,3465,2549,951,531,574,408,511,406,622,523,497,412,209,184,101,85,89435,76017,19546,14168,12219,9847,12431,10851,15060,13493,18407,17029,8046,7439,3726,3190,1830,1387,322,198,358,230,398,320,359,311,280,235,101,83,12,10,1401,1031,398,234,311,220,224,183,238,196,167,143,52,49,11,6,33833,22588,22659,17335,22515,18985,27606,24010,30025,27216,13954,12763,7086,6019,36285,26650,10068,5848,6854,4873,5864,4671,5888,4793,4980,4234,1898,1647,733,584,488,286,172,75,105,62,61,39,55,34,70,57,19,14,6,5,23935,20350,2191,1424,2097,1598,2912,2422,5249,4549,5451,4954,3561,3283,2474,2120
45,1693,1283,341,201,312,226,249,172,316,264,300,263,122,114,53,43,13333,11342,1395,899,1280,971,1308,1043,2390,2110,3474,3210,2130,1967,1356,1142,166,110,40,19,35,24,22,17,31,20,25,20,9,7,4,3,350,248,111,64,91,61,50,41,51,43,29,25,14,10,4,4,47609,39559,6295,3906,6294,4730,6027,4823,9080,7903,10041,9254,6252,5834,3620,3109,9743,6720,2203,1116,2090,1377,1563,1095,1702,1289,1338,1143,587,507,260,193,152,83,48,19,36,16,18,10,28,20,17,14,5,4,0,0,22089,19714,2148,1585,2433,2046,2806,2437,4545,4141,4844,4568,3372,3215,1941,1722,1918,1480,365,211,324,239,291,225,355,289,339,299,170,154,74,63,9283,7705,1061,578,957,690,911,723,1447,1227,2476,2274,1579,1471,852,742,204,150,44,25,40,24,27,22,43,32,35,32,13,13,2,2,637,468,163,92,184,135,86,63,84,72,84,77,29,23,7,6,44480,36550,6199,3560,6050,4450,5808,4660,8309,7150,9409,8653,6016,5665,2689,2412,9723,6766,2189,1016,1944,1268,1431,1014,1625,1258,1585,1362,719,647,230,201,130,69,43,15,21,9,18,10,23,15,21,16,3,3,1,1,22428,19804,2302,1608,2547,2068,3022,2588,4702,4232,4848,4575,3490,3341,1517,1392,3915,2984,804,466,698,514,578,427,722,595,674,590,309,284,130,108,24315,20400,2834,1715,2475,1839,2412,1925,4106,3566,6238,5736,3915,3626,2335,1993,402,283,90,48,84,53,53,42,81,59,65,56,23,20,6,5,1064,769,303,175,301,210,142,108,140,120,120,109,47,37,11,10,14232,8449,13513,10041,12818,10266,18467,15958,20397,18751,12895,12072,6665,5822,21246,14559,4979,2375,4426,2894,3285,2302,3563,2715,3092,2645,1379,1212,522,416,310,161,100,35,65,25,39,22,54,38,41,32,10,8,1,1,47484,42028,5078,3616,5413,4480,6274,5415,9753,8823,10129,9551,7185,6861,3652,3282
46,56,40,7,2,3,3,9,5,14,10,11,10,7,5,5,5,336,299,16,12,25,20,25,18,65,61,103,98,64,59,38,31,8,6,0,0,1,0,1,0,4,4,2,2,0,0,0,0,11,8,1,1,4,2,1,0,3,3,1,1,1,1,0,0,1021,872,79,55,109,78,108,82,210,185,260,242,163,153,92,77,178,136,28,21,34,21,24,17,30,24,38,32,18,17,6,4,1,1,0,0,0,0,0,0,0,0,1,1,0,0,0,0,413,368,25,19,37,29,45,39,92,81,100,94,71,69,43,37,60,45,8,5,11,7,5,5,17,12,7,6,9,7,3,3,269,224,15,10,32,19,25,15,36,31,84,77,54,51,23,21,8,5,0,0,6,3,0,0,2,2,0,0,0,0,0,0,19,16,3,2,3,2,3,3,3,3,5,4,2,2,0,0,1056,875,92,57,135,84,132,103,198,171,260,240,174,162,65,58,223,165,29,15,37,21,40,30,36,28,54,48,21,19,6,4,1,0,0,0,0,0,0,0,1,0,0,0,0,0,0,0,453,400,33,22,42,29,55,47,99,91,105,100,87,82,32,29,124,91,16,7,15,11,16,11,32,23,21,19,16,12,8,8,642,555,36,25,58,40,59,41,109,98,192,180,122,114,66,57,17,12,0,0,7,3,2,1,6,6,2,2,0,0,0,0,30,24,4,3,7,4,4,3,6,6,6,5,3,3,0,0,209,136,262,173,264,205,437,383,546,505,348,326,168,145,445,334,69,44,79,45,71,53,71,57,100,87,41,38,14,10,2,1,0,0,0,0,0,0,1,0,1,1,0,0,0,0,930,820,77,53,87,64,104,90,206,187,214,201,163,156,79,69
47,564,383,78,37,94,50,71,40,121,88,129,102,47,45,24,21,4800,3903,413,223,416,302,429,334,839,685,1442,1297,780,692,481,370,83,59,9,4,16,7,17,13,16,15,21,17,3,2,1,1,115,79,24,8,13,10,18,13,25,20,29,22,3,3,3,3,13512,10490,1408,697,1579,1024,1551,1127,2552,2070,3375,2956,1936,1730,1111,886,2791,1746,489,191,526,285,421,256,542,389,506,393,225,177,82,55,57,25,16,3,12,5,11,4,10,7,4,4,3,1,1,1,5082,4278,378,230,500,365,581,464,995,862,1237,1114,872,808,519,435,669,434,109,52,87,37,76,43,147,104,152,117,70,60,28,21,3400,2667,317,161,322,196,285,198,483,372,1016,907,663,582,314,251,113,71,16,3,23,13,20,10,17,12,21,19,14,12,2,2,192,137,34,18,28,14,25,19,34,25,50,41,17,17,4,3,12812,9619,1516,719,1593,935,1473,1046,2205,1684,3165,2730,1985,1768,875,737,2992,1824,539,199,547,282,447,270,483,308,637,484,281,236,58,45,52,17,14,1,12,3,7,3,8,4,7,5,4,1,0,0,5370,4453,486,285,569,389,609,499,1029,857,1276,1151,933,858,468,414,1287,838,205,97,189,88,155,87,279,196,290,223,117,105,52,42,8545,6784,827,430,787,533,772,574,1376,1091,2516,2240,1461,1289,806,627,211,138,30,8,45,24,39,24,35,29,42,36,17,14,3,3,327,230,66,30,47,29,43,32,60,45,81,65,23,23,7,6,3254,1552,3363,2073,3196,2273,4940,3863,6700,5790,3983,3544,2004,1633,6197,3757,1149,425,1154,611,942,555,1101,742,1187,901,523,423,141,100,118,45,33,5,25,8,19,7,20,12,13,10,7,2,1,1,10710,8902,942,556,1109,779,1219,987,2061,1742,2557,2301,1829,1684,993,853
48,3132,2185,775,429,569,369,447,327,564,429,442,366,221,180,114,85,60858,47448,9731,6198,8860,6212,8792,6824,11979,9960,11839,10299,6005,5209,3652,2746,396,275,100,58,85,57,75,54,76,57,48,41,11,7,1,1,589,375,219,119,162,99,69,49,63,48,55,44,14,12,7,4,116480,87132,19887,11649,18350,12168,17329,12927,22935,18526,20750,17762,10651,9146,6578,4954,26380,16815,6355,3193,5639,3333,4354,2875,4580,3258,3282,2539,1417,1106,753,511,368,162,159,57,93,39,38,17,48,28,20,14,9,7,1,0,24256,19540,2456,1546,2850,2005,3477,2728,5518,4661,4998,4406,2929,2597,2028,1597,3264,2223,786,398,607,370,515,368,577,445,447,372,235,197,97,73,42607,31701,6794,3855,6037,3869,6045,4320,8239,6447,8663,7442,4460,3923,2369,1845,482,324,122,62,109,66,82,63,85,64,68,56,11,9,5,4,1012,729,267,159,276,198,183,136,134,109,113,95,29,26,10,6,100901,72854,17475,9104,15807,9691,14886,10597,19983,15696,18472,15703,9560,8352,4718,3711,25694,15914,6291,2784,5315,2883,4036,2641,4490,3237,3487,2754,1502,1208,573,407,249,103,85,21,58,26,32,16,37,16,27,16,7,6,3,2,26898,21394,3020,1780,3282,2209,3897,2989,6272,5265,5546,4870,3253,2932,1628,1349,6705,4601,1714,911,1228,770,1008,728,1170,899,905,749,464,383,216,161,109503,83421,18535,11245,15952,10788,15591,11706,20995,17036,21211,18343,10924,9512,6295,4791,931,629,251,136,202,125,167,125,163,122,120,100,22,16,6,5,1692,1164,527,302,466,312,260,192,207,167,171,142,44,39,17,10,41519,22961,36326,23230,33789,24635,44459,35409,40535,34538,21031,18178,11747,8998,55541,34631,14082,6615,11704,6643,8877,5817,9446,6738,7024,5468,3041,2404,1367,946,685,295,291,97,160,69,71,33,89,46,53,35,17,13,4,2,53096,42375,5903,3552,6392,4398,7630,5908,12121,10194,10859,9548,6406,5728,3785,3047
49,2915,2377,680,454,460,372,410,343,586,503,441,397,208,190,130,118,78992,71627,11079,8553,10043,8768,9883,8977,14318,13320,18592,17859,9789,9402,5288,4748,1375,1138,199,133,270,208,269,223,303,269,225,208,82,74,27,23,688,535,191,125,167,131,106,87,117,99,67,62,29,23,11,8,134630,118548,19963,14308,18204,15269,17632,15517,25109,22894,28504,27116,15819,15079,9399,8365,26474,21145,5918,3691,5231,4092,4096,3365,4551,3933,4000,3672,1844,1696,834,696,260,182,70,36,42,24,40,32,38,31,47,39,15,13,8,7,23545,21217,1782,1286,1947,1637,2782,2455,5116,4666,5049,4804,3793,3625,3076,2744,3250,2540,687,401,587,428,526,431,633,546,513,458,199,182,105,94,56266,49629,8334,5879,6841,5742,7214,6355,10071,9151,13510,12774,7261,6971,3035,2757,1567,1328,214,148,310,241,321,278,290,252,310,291,101,97,21,21,1343,1089,318,215,325,252,221,195,210,186,165,144,87,83,17,14,119390,102550,18391,12114,15988,12837,16367,14149,22395,20050,25513,23904,14237,13605,6499,5891,28833,22948,6151,3622,5290,4018,4627,3840,4794,4141,4850,4437,2304,2163,817,727,274,187,77,29,34,18,32,25,37,29,66,59,25,24,3,3,27252,24303,2536,1768,2522,2071,3338,2950,6233,5638,5963,5613,4193,4021,2467,2242,6604,5233,1531,947,1132,868,996,822,1275,1096,998,891,421,384,251,225,144704,129374,21431,15844,18414,15790,18491,16584,26013,23952,33804,32228,17858,17133,8693,7843,3195,2664,467,314,643,497,634,538,631,555,568,527,200,186,52,47,2171,1736,563,373,521,411,346,298,346,303,248,221,119,108,28,22,42512,29097,37246,30556,36680,31985,50550,45664,56803,53599,31471,30001,16615,14889,59919,47505,13468,8110,11482,8832,9460,7792,10021,8639,9353,8557,4384,4071,1751,1504,590,399,166,72,89,48,82,62,81,65,118,102,43,40,11,10,53654,47983,4756,3348,4838,4003,6529,5772,11964,10864,11486,10862,8314,7953,5767,5181
50,3374,2342,976,568,617,416,543,383,547,412,395,318,200,167,96,78,53304,41273,10680,6943,8311,5975,7831,6064,8908,7230,8917,7754,5362,4691,3295,2616,287,198,102,62,68,44,45,34,38,27,27,24,6,6,1,1,652,448,243,146,191,139,87,60,67,47,49,43,11,10,4,3,127030,93422,26990,15469,21706,14447,19406,14295,22088,17542,19054,16426,11103,9824,6683,5419,22296,14418,6896,3671,4935,3133,3588,2435,3254,2349,2198,1749,963,761,462,320,430,212,173,71,108,58,70,36,47,30,26,13,2,2,4,2,45580,33836,7627,3881,7284,4581,7097,5190,9041,7308,7288,6400,4472,4115,2771,2361,3612,2486,1005,542,642,428,598,421,597,442,456,371,212,194,102,88,38880,28188,8119,4420,5923,3814,5469,3892,6650,5200,6873,5855,3764,3276,2082,1731,383,254,107,64,113,67,59,43,54,41,38,30,10,7,2,2,1043,765,371,237,280,210,152,112,147,127,73,62,14,12,6,5,109108,77436,24165,12207,18212,11557,16579,11878,19548,15368,16872,14405,9094,8064,4638,3957,20336,12850,6304,2966,3972,2440,3348,2329,3076,2281,2233,1752,999,782,404,300,293,139,112,37,67,31,46,23,34,20,26,22,5,4,3,2,43335,31968,7815,3801,6986,4424,6724,4939,8803,7116,7005,6177,4002,3712,2000,1799,7201,4952,2096,1175,1303,869,1173,824,1153,859,858,693,416,363,202,169,94535,70986,19799,11933,14679,10070,13572,10151,15798,12595,16007,13781,9232,8054,5448,4402,692,463,221,131,186,115,107,77,93,69,66,55,16,13,3,3,1748,1242,651,401,477,354,245,175,217,177,123,105,25,22,10,8,54082,29051,41147,26709,36750,26692,42261,33318,36383,31172,20447,18084,11455,9472,44405,28179,14073,6996,9259,5772,7165,4915,6485,4730,4522,3562,2012,1574,889,630,757,365,304,113,180,92,121,61,83,51,54,37,8,7,7,4,90802,66808,16286,8026,14633,9189,14032,10272,18054,14556,14429,12676,8562,7901,4806,4188
51,640,425,162,104,107,62,112,66,110,77,90,74,40,30,19,12,6452,4935,1154,740,907,641,931,675,1089,881,1106,960,756,644,509,394,48,34,17,12,12,6,6,4,5,5,6,5,2,2,0,0,139,90,52,31,37,24,22,15,16,11,4,3,6,4,2,2,19957,15232,3482,2077,3033,2080,3007,2239,3744,3048,3226,2806,2136,1886,1329,1096,3861,2399,1054,501,863,521,621,405,648,453,422,322,171,139,82,58,74,32,31,7,18,9,8,2,10,8,3,3,3,2,1,1,8455,7134,915,633,1022,774,1263,1039,1823,1586,1568,1416,1152,1060,712,626,691,449,166,78,129,73,115,78,111,80,97,82,47,38,26,20,5320,3954,926,552,728,485,775,551,919,719,971,803,652,561,349,283,61,37,12,5,25,11,8,7,6,5,9,8,1,1,0,0,209,157,57,31,66,51,29,25,29,23,19,18,6,6,3,3,19617,14612,3526,1938,2964,1960,3045,2239,3738,2990,3325,2850,1969,1745,1050,890,4097,2534,1137,534,795,452,701,444,659,467,506,396,214,177,85,64,52,27,16,7,8,4,7,4,8,6,12,5,0,0,1,1,8869,7247,1128,694,1137,836,1355,1088,1966,1663,1673,1508,1033,947,577,511,1501,985,378,211,280,165,250,157,243,174,204,168,97,75,49,35,14287,10692,2580,1616,2100,1428,2136,1546,2396,1889,2448,2047,1650,1404,977,762,120,79,33,20,40,19,15,12,11,10,18,15,3,3,0,0,378,269,125,73,110,79,54,43,49,38,23,21,12,10,5,5,8425,4858,7133,4779,7080,5229,8438,6753,7326,6248,4605,4037,2630,2170,9634,5976,2703,1299,2011,1188,1588,1037,1544,1085,1105,836,487,389,196,142,158,75,57,17,32,14,21,10,24,18,18,11,4,3,2,2,18858,15551,2332,1518,2399,1785,2898,2336,4078,3479,3438,3090,2325,2130,1388,1213
52,754,508,120,61,132,74,96,61,171,120,130,106,68,58,37,28,4959,3843,598,349,496,343,483,343,891,703,1162,1007,820,706,509,392,41,27,5,2,10,5,5,3,8,4,9,9,4,4,0,0,122,84,28,14,33,20,18,13,23,19,16,14,3,3,1,1,16317,12335,2219,1155,2187,1411,2052,1483,3223,2546,3253,2828,2187,1943,1196,969,3457,2030,818,326,745,404,521,313,658,439,429,317,209,169,77,62,57,27,21,6,11,4,6,3,7,3,9,8,2,2,1,1,6893,5792,625,396,756,558,921,745,1460,1255,1492,1363,1074,995,565,480,760,515,106,44,133,69,101,55,157,114,142,119,87,83,34,31,3495,2555,447,228,333,187,340,216,632,461,818,681,578,511,347,271,49,29,7,4,15,3,12,10,8,6,3,2,4,4,0,0,191,138,46,24,41,28,33,26,27,23,31,25,10,10,3,2,14692,11009,2013,994,1964,1187,1935,1373,2835,2258,3013,2595,1954,1780,978,822,3105,1852,659,229,618,313,484,298,560,391,479,373,215,178,90,70,39,20,7,2,6,1,6,3,7,4,10,7,3,3,0,0,7011,5868,737,462,811,583,956,762,1439,1255,1515,1375,1053,987,500,444,1581,1069,258,124,276,154,204,120,335,239,277,229,159,144,72,59,8780,6615,1138,624,875,557,849,575,1577,1203,2028,1727,1432,1248,881,681,96,58,16,6,25,8,18,14,17,11,12,11,8,8,0,0,335,235,84,43,79,51,52,39,52,43,48,40,15,15,5,4,4706,2380,4342,2722,4115,2935,6227,4933,6417,5553,4254,3825,2223,1832,6936,4060,1650,612,1438,755,1050,633,1257,858,936,712,437,357,168,133,100,50,30,9,18,6,12,6,15,8,19,15,5,5,1,1,14375,12034,1520,960,1620,1185,1925,1543,2964,2564,3075,2801,2185,2036,1086,945
53,158,112,23,7,15,7,22,17,35,27,36,32,17,15,10,7,1416,1151,97,54,124,88,133,98,219,170,476,433,263,233,104,75,50,39,6,3,9,7,13,9,9,8,10,9,3,3,0,0,33,22,9,5,10,7,5,3,4,3,4,4,1,0,0,0,3712,2819,337,154,435,265,414,283,704,551,996,873,560,497,266,196,389,207,98,39,109,51,42,27,76,45,48,31,10,9,6,5,15,6,4,1,1,0,4,1,3,1,2,2,0,0,1,1,1164,982,59,33,97,72,106,86,248,217,304,273,222,204,128,97,205,147,18,10,23,9,23,14,31,21,66,56,32,26,12,11,1129,884,85,47,110,66,96,64,167,127,362,312,211,193,98,75,48,38,5,2,6,5,9,8,11,8,11,10,5,4,1,1,63,47,8,4,9,7,15,12,8,5,20,16,3,3,0,0,3896,2859,358,152,489,267,445,295,671,506,1030,867,613,544,290,228,511,256,112,33,129,58,77,39,92,55,73,50,21,17,7,4,20,6,5,0,4,1,2,1,2,1,5,2,2,1,0,0,1356,1128,83,48,108,79,137,107,271,228,354,314,263,237,140,115,385,275,51,24,40,18,46,32,71,51,106,91,49,41,22,18,2639,2094,202,108,252,165,241,170,407,315,851,753,480,430,206,153,101,80,11,5,16,13,23,18,20,16,21,19,9,8,1,1,99,70,18,9,19,14,21,15,13,9,24,20,4,3,0,0,788,343,984,571,908,604,1429,1095,2069,1766,1187,1050,563,429,991,501,245,81,255,122,135,73,181,106,129,83,33,27,13,9,41,15,11,1,6,2,7,3,6,3,8,4,2,1,1,1,2583,2152,162,93,214,157,253,198,528,452,668,596,488,443,270,213
54,2272,1471,703,336,418,257,343,228,347,255,249,214,155,133,57,48,28023,21575,6290,3926,4585,3331,3701,2875,4147,3443,4684,4129,2843,2475,1773,1396,210,133,83,45,46,33,29,18,26,17,18,14,7,6,1,0,414,270,176,106,111,69,45,32,48,35,25,20,8,7,1,1,78140,57158,18525,9863,13525,9088,11078,8305,12217,10029,11733,10358,6964,6174,4098,3341,16025,9355,5883,2609,3732,2200,2326,1512,1891,1344,1418,1117,541,417,234,156,205,101,81,30,45,21,33,19,22,14,17,14,6,3,1,0,30917,24210,5295,2806,4570,3168,4590,3613,5722,4912,5309,4839,3402,3133,2029,1739,2333,1550,671,299,410,268,358,251,370,276,324,280,142,128,58,48,20153,14855,4530,2405,3023,2079,2640,1958,3145,2511,3523,3060,2122,1888,1170,954,221,148,83,37,55,44,30,21,21,16,22,21,10,9,0,0,665,455,262,136,174,132,96,75,62,54,55,47,11,7,5,4,67905,48723,16048,7597,11212,7397,9908,7344,11198,9100,10525,9299,6039,5459,2975,2527,13963,7984,4924,1902,2979,1719,2157,1391,1750,1237,1336,1078,601,494,216,163,155,68,60,11,27,13,24,15,28,18,7,5,9,6,0,0,30315,23600,5492,2797,4522,3126,4587,3621,5807,4979,5247,4800,3138,2923,1522,1354,4989,3254,1529,702,915,580,740,511,757,553,617,534,308,270,123,104,51401,38774,11714,6871,8170,5800,6789,5156,7687,6269,8638,7553,5264,4629,3139,2496,469,306,187,95,108,80,61,40,52,38,42,37,18,16,1,0,1158,776,487,269,300,211,150,115,112,91,84,71,19,14,6,5,37793,19121,26626,17713,22361,16635,24870,20274,23475,20717,13814,12362,7562,6261,32452,18674,11807,4911,7227,4211,4825,3105,3942,2784,2929,2333,1239,992,483,338,381,175,149,41,77,35,59,35,54,34,25,20,16,10,1,0,65468,51016,11879,6217,9786,6770,9707,7653,12236,10487,11115,10149,6942,6427,3803,3313
55,587,454,80,45,71,55,74,58,127,97,116,98,82,71,37,30,5749,4932,460,307,455,350,474,377,994,864,1712,1541,1054,990,600,503,90,67,14,6,17,12,14,11,14,10,20,18,11,10,0,0,101,74,24,9,30,25,15,12,13,11,12,11,5,5,2,1,16525,13638,1869,1142,1828,1340,1743,1353,3050,2585,4014,3600,2591,2411,1430,1207,3218,2206,656,335,609,377,427,277,632,475,561,467,232,201,101,74,0,0,0,0,0,0,0,0,0,0,0,0,0,0,0,0,6704,5857,614,433,628,507,733,614,1259,1123,1580,1454,1201,1128,689,598,642,491,108,52,73,57,69,56,114,93,161,126,90,83,27,24,3805,3210,348,194,317,222,313,258,573,468,1135,1029,752,709,367,330,89,68,13,10,18,11,19,15,15,10,18,16,6,6,0,0,211,176,45,31,54,44,26,24,41,36,37,33,6,6,2,2,14635,11934,1812,998,1639,1149,1559,1222,2531,2100,3594,3219,2393,2241,1107,1005,3153,2167,618,277,541,326,423,286,499,363,642,540,317,280,113,95,0,0,0,0,0,0,0,0,0,0,0,0,0,0,0,0,6680,5791,670,432,628,485,702,580,1286,1128,1585,1465,1217,1152,592,549,1234,946,190,98,144,112,146,114,241,190,277,224,172,154,64,54,9587,8164,819,506,782,579,790,638,1569,1334,2851,2574,1807,1700,969,833,180,135,28,16,35,23,33,26,29,20,38,34,17,16,0,0,314,251,71,41,84,69,41,36,54,47,49,44,11,11,4,3,3719,2162,3488,2503,3317,2584,5599,4697,7617,6826,4988,4654,2540,2212,6396,4384,1289,621,1153,703,852,564,1134,839,1204,1007,550,481,214,169,0,0,0,0,0,0,0,0,0,0,0,0,0,0,0,0,13426,11679,1291,871,1264,999,1442,1199,2558,2260,3169,2922,2420,2281,1282,1147
56,4586,3406,1237,747,717,499,699,541,819,665,610,530,287,256,217,168,97158,81566,18937,13581,14000,11257,14255,12140,17527,15485,17158,15629,9310,8542,5971,4932,723,546,212,138,152,114,137,106,108,92,86,73,23,18,5,5,1072,799,368,233,254,185,182,142,146,129,93,86,19,17,10,7,214966,176267,40375,26820,30309,23296,32773,27220,41686,36460,35865,32520,20746,18978,13212,10973,43770,32147,11803,6936,8341,5924,7605,5906,7423,6107,5034,4320,2329,1998,1235,956,508,268,243,108,88,52,73,43,53,26,39,31,7,3,5,5,64825,55667,7146,4787,6361,4960,9410,7998,15162,13586,12473,11519,8600,7989,5673,4828,5119,3716,1390,790,830,573,793,583,985,798,687,587,286,256,148,129,72617,57734,15197,9454,10349,7579,10340,8367,12856,10954,13173,11844,6956,6326,3746,3210,1062,794,234,141,228,154,218,176,206,171,126,105,43,41,7,6,2073,1576,676,435,460,342,346,279,293,245,214,200,66,63,18,12,199320,157701,39302,23276,27619,20050,29656,23825,39861,34032,34349,30861,18816,17242,9717,8415,45770,32646,12486,6495,8182,5695,7503,5751,7945,6414,5933,5100,2611,2309,1110,882,424,200,183,75,75,28,65,35,47,28,43,28,8,4,3,2,69129,58525,8572,5521,6999,5318,9821,8165,16918,14902,13671,12549,8585,8004,4563,4066,10482,7662,2905,1697,1697,1178,1592,1200,1922,1558,1367,1170,620,552,379,307,182127,149062,37335,25156,26320,20322,26471,22089,32436,28208,32089,29008,17203,15687,10273,8592,1913,1425,489,301,402,282,382,304,335,279,222,185,71,63,12,11,3400,2552,1156,734,770,566,554,441,470,401,327,304,93,85,30,21,87654,54930,62932,46959,67583,55216,87299,75308,74403,66942,41892,38238,24212,20410,98411,70812,26834,14786,18129,12676,16790,12931,16884,13691,11872,10116,5361,4638,2541,1974,1044,517,489,200,177,90,152,86,107,58,92,65,19,11,8,7,142731,121276,17352,11333,14469,11123,20579,17291,34022,30172,27507,25266,18066,16783,10736,9308
57,1301,852,365,205,252,162,197,129,222,161,164,119,61,47,40,29,28444,22412,6479,4553,4222,3169,3975,3183,4735,3946,4759,4100,2494,2163,1780,1298,307,216,79,53,55,33,77,50,48,41,36,29,10,8,2,2,270,172,95,54,73,42,47,35,32,22,16,13,3,3,4,3,53286,39780,11807,7509,8516,5921,7828,5908,9216,7396,8305,6976,4474,3783,3140,2287,11855,7633,3454,1842,2465,1528,1921,1309,1803,1295,1301,1008,585,438,326,213,194,77,69,26,49,17,29,13,27,12,14,5,5,4,1,0,10660,8272,1169,720,1353,945,1543,1165,2318,1899,1992,1687,1305,1117,980,739,1297,830,358,181,242,149,211,132,214,158,146,112,87,70,39,28,19854,14887,4433,2821,2882,2007,2832,2150,3265,2595,3546,2979,1861,1580,1035,755,415,281,77,46,105,47,85,62,72,59,56,51,17,14,3,2,457,315,155,82,106,78,76,60,65,48,44,38,9,8,2,1,45578,32665,9925,5703,7267,4677,6955,5104,7959,6173,7426,6143,3917,3260,2129,1605,11767,7528,3301,1656,2439,1438,1893,1321,1774,1302,1456,1126,631,486,273,199,175,62,58,17,47,19,28,10,27,11,8,1,7,4,0,0,11284,8560,1442,841,1396,915,1759,1322,2495,1968,2131,1811,1290,1087,771,616,2692,1739,783,426,508,318,417,266,443,322,312,232,150,118,79,57,49991,38515,11815,7977,7362,5370,6954,5447,8124,6634,8413,7166,4446,3823,2877,2098,732,505,162,105,161,81,163,113,120,100,94,80,27,22,5,4,753,505,268,146,184,125,125,97,97,70,60,51,13,12,6,4,23455,14277,16308,10970,15098,11239,17464,13765,15955,13289,8558,7173,5396,3984,24713,15812,7299,3792,5093,3093,3936,2711,3696,2670,2824,2180,1246,942,619,424,380,140,134,44,97,36,60,23,54,23,22,6,12,8,1,0,22368,17122,2781,1665,2804,1896,3332,2510,4851,3894,4167,3533,2637,2234,1796,1390
58,748,449,167,75,157,83,127,80,132,88,109,83,37,27,19,13,4990,3714,795,463,731,495,672,499,890,700,1020,841,552,469,330,247,64,47,15,9,10,7,8,6,15,11,11,10,5,4,0,0,132,95,44,30,36,22,15,13,15,11,19,17,2,1,1,1,15717,11255,2944,1578,2742,1763,2351,1694,2901,2240,2640,2207,1414,1213,725,560,4172,2345,1210,534,963,506,669,398,656,418,452,325,164,126,58,38,90,40,40,13,20,11,14,8,10,6,5,2,1,0,0,0,5489,4543,663,449,818,633,843,689,1177,1002,1021,926,651,584,316,260,772,501,153,64,145,82,132,81,160,116,119,102,44,39,19,17,3576,2546,583,298,526,335,428,304,663,483,751,627,413,347,212,152,71,47,16,9,18,9,6,3,11,7,15,14,4,4,1,1,186,128,51,30,61,38,31,25,26,21,13,11,4,3,0,0,14650,10263,2657,1261,2549,1578,2174,1561,2795,2120,2589,2164,1331,1155,555,424,4008,2210,1107,408,867,438,646,403,630,398,505,372,203,162,50,29,54,21,23,7,11,5,10,4,5,1,3,2,2,2,0,0,5944,4789,713,442,913,665,918,740,1294,1092,1175,1029,658,596,273,225,1646,1021,369,159,322,177,277,170,317,224,235,191,87,69,39,31,9320,6785,1558,863,1401,924,1205,885,1665,1264,1885,1560,1030,868,576,421,147,100,34,19,31,17,15,9,27,19,29,26,10,9,1,1,342,239,107,67,106,66,49,41,41,32,32,28,6,4,1,1,6357,3193,5837,3678,4879,3499,6091,4652,5531,4604,2898,2490,1356,1042,9007,4959,2637,1061,2024,1049,1422,856,1396,882,1017,733,395,306,116,72,170,70,74,22,36,19,29,15,20,8,8,4,3,2,0,0,12239,9938,1555,994,1899,1412,1876,1521,2612,2216,2313,2052,1362,1228,622,515
